Basic User Information,,,,,,,,,,In-Car Preferences,,,,,,,,,,Match Mode Preferences,,
User ID,Name,Gender,Organization ,Driver/Passenger/Both,Profession ,Home Long,Home Lat,Dest Long,Dest Lat,Talk?,A/C?,Heat? ,Car Model,Car Year,RadioPreset1,RadioPreset2,RadioPreset3,RadioPreset4,RadioPreset5,TALK Rank,TEMP Rank,MUSIC Rank
RT001,John Doe1,M,PWC,Driver Only,Graphic Designer,-79.4823448,43.752323,-79.38218056,43.64316667,5,3,4,N/A,9999,FM 95.9,FM 96.3,FM 98.7,AM 740,FM 99.1,2,1,3
RT002,John Doe2,M,PWC,Both,Engineer,-79.3049901,43.853633,-79.38218056,43.64316667,1,4,4,N/A,9999,FM 103.9,AM 740,AM 680,FM 96.3,FM 96.6,1,2,3
RT003,John Doe3,F,PWC,Both,Policy Advisor ,-79.3360331,43.8310595,-79.38218056,43.64316667,2,5,2,N/A,9999,AM 1010,FM 91.1,AM 1430,FM 88.9,FM 88.9,2,3,1
RT004,John Doe4,M,PWC,Both,Policy Advisor ,-79.4586325,43.7241613,-79.38218056,43.64316667,2,1,3,N/A,9999,FM 99.1,AM 1610,FM 89.5,FM 94.1,FM 96.6,2,3,1
RT005,John Doe5,M,PWC,Passenger Only,IT Professional ,-79.6964117,43.7773109,-79.38218056,43.64316667,2,5,4,N/A,9999,FM 98.7,FM 104.5,FM 90.3,FM 91.1,FM 93.5,2,1,3
RT006,John Doe6,M,PWC,Both,Engineer,-79.4802545,43.7888124,-79.38218056,43.64316667,3,3,4,N/A,9999,FM 90.3,FM 89.5,FM 105.5,AM 1430,FM 88.1,3,1,2
RT007,John Doe7,F,PWC,Both,Engineer,-79.354514,43.850909,-79.38218056,43.64316667,5,4,5,N/A,9999,FM 90.3,FM 105.1,FM 91.1,AM 860,AM 740,1,3,2
RT008,John Doe8,F,PWC,Passenger Only,IT Professional ,-79.3479016,43.7192632,-79.38218056,43.64316667,4,5,1,N/A,9999,AM 860,FM 97.3,AM 1430,FM 101.3,FM 88.9,2,3,1
RT009,John Doe9,M,PWC,Passenger Only,IT Professional ,-79.307586,43.8209826,-79.38218056,43.64316667,3,5,5,N/A,9999,FM 98.1,FM 103.9,FM 98.7,FM 105.1,FM 96.6,1,2,3
RT010,John Doe10,M,PWC,Passenger Only,Engineer,-79.5242007,43.8236518,-79.38218056,43.64316667,4,3,5,N/A,9999,FM 97.3,FM 89.5,FM 107.1,FM 101.3,FM 96.6,1,2,3
RT011,John Doe11,F,PWC,Both,HR Specialist,-79.3103058,43.8221,-79.38218056,43.64316667,5,2,1,N/A,9999,FM 96.3,FM 105.1,FM 103.9,FM 95.9,AM 1010,2,1,3
RT012,John Doe12,M,PWC,Both,IT Professional ,-79.4441656,43.7510324,-79.38218056,43.64316667,1,4,4,N/A,9999,FM 100.7,AM 1050,FM 107.1,FM 99.1,FM 105.5,1,2,3
RT013,John Doe13,F,PWC,Passenger Only,HR Specialist,-79.2276735,43.8688477,-79.38218056,43.64316667,5,1,5,N/A,9999,FM 92.5,FM 97.3,FM 98.1,AM 1050,FM 98.7,1,3,2
RT014,John Doe14,F,PWC,Driver Only,Policy Advisor ,-79.3336652,43.7361715,-79.38218056,43.64316667,3,2,1,N/A,9999,FM 95.9,AM 1430,FM 98.7,FM 99.1,FM 88.1,2,3,1
RT015,John Doe15,M,PWC,Passenger Only,Developer ,-79.6749078,43.8650338,-79.38218056,43.64316667,3,4,3,N/A,9999,FM 91.9,FM 103.9,FM 90.3,FM 91.1,FM 89.5,2,1,3
RT016,John Doe16,F,PWC,Both,HR Specialist,-79.3233872,43.7962077,-79.38218056,43.64316667,2,5,3,N/A,9999,AM 640,FM 88.9,AM 1430,FM 88.9,AM 1540,1,3,2
RT017,John Doe17,F,PWC,Driver Only,Policy Advisor ,-79.2614777,43.7930351,-79.38218056,43.64316667,4,3,2,N/A,9999,AM 680,FM 88.1,FM 105.1,FM 91.1,FM 92.5,1,3,2
RT018,John Doe18,M,PWC,Driver Only,Architect,-79.5708454,43.8487856,-79.38218056,43.64316667,5,1,4,N/A,9999,AM 1690,FM 91.1,FM 91.9,FM 95.9,FM 96.6,2,3,1
RT019,John Doe19,F,PWC,Driver Only,Architect,-79.5001509,43.7346897,-79.38218056,43.64316667,1,4,4,N/A,9999,FM 89.5,AM 590,FM 94.1,FM 91.9,FM 88.1,3,1,2
RT020,John Doe20,M,PWC,Both,Engineer,-79.6259869,43.8563533,-79.38218056,43.64316667,3,4,2,N/A,9999,FM 91.9,FM 105.1,FM 89.5,FM 88.9,FM 103.9,2,3,1
RT021,John Doe21,M,PWC,Passenger Only,Architect,-79.3674203,43.7586786,-79.38218056,43.64316667,5,3,3,N/A,9999,FM 95.9,AM 1430,FM 105.1,FM 96.6,AM 860,1,3,2
RT022,John Doe22,M,PWC,Both,Architect,-79.293916,43.8186781,-79.38218056,43.64316667,2,3,2,N/A,9999,AM 1010,FM 99.9,AM 1010,AM 1050,FM 97.3,3,1,2
RT023,John Doe23,F,PWC,Driver Only,Graphic Designer,-79.6337262,43.7893877,-79.38218056,43.64316667,5,4,1,N/A,9999,AM 1430,AM 1430,FM 107.1,AM 680,FM 91.9,1,3,2
RT024,John Doe24,M,PWC,Both,Graphic Designer,-79.5274224,43.7232274,-79.38218056,43.64316667,5,1,2,N/A,9999,AM 1430,FM 89.5,AM 1690,FM 99.9,FM 100.7,2,1,3
RT025,John Doe25,M,PWC,Both,Accountant ,-79.565947,43.8306115,-79.38218056,43.64316667,1,5,2,N/A,9999,FM 99.1,FM 93.5,FM 99.1,FM 96.6,FM 94.1,2,1,3
RT026,John Doe26,F,PWC,Driver Only,Architect,-79.2974655,43.7227328,-79.38218056,43.64316667,4,1,2,N/A,9999,FM 107.1,AM 1010,AM 1010,FM 104.5,AM 1540,1,3,2
RT027,John Doe27,F,PWC,Passenger Only,Engineer,-79.4345676,43.738924,-79.38218056,43.64316667,1,4,5,N/A,9999,FM 91.1,AM 740,FM 99.9,AM 680,FM 100.7,1,3,2
RT028,John Doe28,F,PWC,Both,Architect,-79.3456821,43.7599191,-79.38218056,43.64316667,5,3,3,N/A,9999,AM 740,FM 95.9,FM 95.9,AM 640,FM 97.3,2,1,3
RT029,John Doe29,F,PWC,Driver Only,HR Specialist,-79.4500415,43.7838048,-79.38218056,43.64316667,4,3,4,N/A,9999,FM 100.7,FM 92.5,FM 99.1,AM 1690,FM 99.1,2,1,3
RT030,John Doe30,F,PWC,Driver Only,Policy Advisor ,-79.4795581,43.8628521,-79.38218056,43.64316667,5,3,3,N/A,9999,FM 99.1,FM 105.1,FM 90.3,FM 107.1,FM 91.1,2,1,3
RT031,John Doe31,M,PWC,Passenger Only,HR Specialist,-79.4892255,43.7156949,-79.38218056,43.64316667,3,2,1,N/A,9999,AM 1010,FM 98.1,FM 98.7,FM 98.7,FM 105.5,3,2,1
RT032,John Doe32,M,PWC,Driver Only,Policy Advisor ,-79.3171702,43.7322653,-79.38218056,43.64316667,2,2,5,N/A,9999,AM 1690,AM 1610,AM 1430,FM 88.1,AM 1540,2,1,3
RT033,John Doe33,M,PWC,Both,Architect,-79.4670691,43.8562092,-79.38218056,43.64316667,3,3,3,N/A,9999,AM 1050,FM 96.6,AM 740,AM 640,AM 1010,1,2,3
RT034,John Doe34,M,PWC,Passenger Only,Accountant ,-79.3486699,43.7560473,-79.38218056,43.64316667,5,2,1,N/A,9999,FM 98.7,AM 1010,FM 105.1,AM 1010,FM 98.7,2,3,1
RT035,John Doe35,F,PWC,Both,HR Specialist,-79.4473093,43.845656,-79.38218056,43.64316667,3,2,1,N/A,9999,AM 740,FM 88.9,FM 105.5,AM 1690,FM 88.9,1,2,3
RT036,John Doe36,M,PWC,Passenger Only,Policy Advisor ,-79.5937083,43.7864647,-79.38218056,43.64316667,2,1,1,N/A,9999,FM 105.1,AM 1610,AM 1690,FM 100.7,FM 88.1,1,2,3
RT037,John Doe37,F,PWC,Both,Developer ,-79.2899317,43.8313678,-79.38218056,43.64316667,3,5,5,N/A,9999,AM 680,FM 99.9,AM 680,FM 90.3,FM 103.9,2,1,3
RT038,John Doe38,F,PWC,Both,Accountant ,-79.6773971,43.8112867,-79.38218056,43.64316667,3,4,4,N/A,9999,FM 98.7,FM 96.6,FM 91.1,AM 1540,AM 860,2,3,1
RT039,John Doe39,M,PWC,Both,Policy Advisor ,-79.4920928,43.8385446,-79.38218056,43.64316667,2,1,2,N/A,9999,FM 96.6,AM 1610,FM 104.5,FM 98.1,FM 107.1,3,2,1
RT040,John Doe40,M,PWC,Passenger Only,Graphic Designer,-79.5533705,43.808838,-79.38218056,43.64316667,5,1,2,N/A,9999,FM 101.3,AM 1010,AM 1430,FM 95.9,FM 93.5,3,2,1
RT041,John Doe41,F,PWC,Both,HR Specialist,-79.298615,43.7410493,-79.38218056,43.64316667,3,2,5,N/A,9999,FM 88.1,FM 95.9,FM 98.7,FM 100.7,AM 740,1,2,3
RT042,John Doe42,F,PWC,Passenger Only,Graphic Designer,-79.269756,43.8370632,-79.38218056,43.64316667,2,2,4,N/A,9999,FM 93.5,FM 88.9,AM 590,AM 1430,AM 1540,1,2,3
RT043,John Doe43,M,PWC,Driver Only,Developer ,-79.3453075,43.7414661,-79.38218056,43.64316667,4,1,5,N/A,9999,FM 96.3,FM 88.1,AM 1540,FM 94.1,AM 1610,1,3,2
RT044,John Doe44,M,PWC,Both,Graphic Designer,-79.7158086,43.7500617,-79.38218056,43.64316667,1,2,4,N/A,9999,FM 90.3,FM 98.7,FM 88.9,FM 104.5,AM 1010,1,3,2
RT045,John Doe45,M,PWC,Passenger Only,HR Specialist,-79.5824567,43.7300904,-79.38218056,43.64316667,1,4,1,N/A,9999,AM 590,FM 100.7,FM 94.1,AM 1430,AM 1610,1,3,2
RT046,John Doe46,F,PWC,Both,IT Professional ,-79.3168308,43.7565236,-79.38218056,43.64316667,4,3,1,N/A,9999,FM 93.5,AM 1010,AM 1010,FM 99.1,FM 107.1,3,1,2
RT047,John Doe47,F,PWC,Passenger Only,Developer ,-79.5048802,43.7777185,-79.38218056,43.64316667,4,4,3,N/A,9999,AM 640,FM 98.1,FM 91.9,AM 680,FM 99.9,1,2,3
RT048,John Doe48,F,PWC,Both,Engineer,-79.2632943,43.8656599,-79.38218056,43.64316667,5,4,5,N/A,9999,FM 91.1,FM 96.6,FM 95.9,FM 95.9,AM 1610,3,1,2
RT049,John Doe49,F,PWC,Both,IT Professional ,-79.4203277,43.8528778,-79.38218056,43.64316667,4,2,2,N/A,9999,FM 101.3,FM 97.3,FM 105.5,FM 97.3,FM 93.5,2,3,1
RT050,John Doe50,F,PWC,Passenger Only,Engineer,-79.6930005,43.7678846,-79.38218056,43.64316667,4,1,1,N/A,9999,FM 99.9,FM 89.5,FM 104.5,AM 1610,FM 89.5,3,1,2
RT051,John Doe51,F,PWC,Both,Graphic Designer,-79.539245,43.8170451,-79.38218056,43.64316667,1,5,3,N/A,9999,FM 94.1,FM 91.1,FM 90.3,AM 1690,AM 1430,1,3,2
RT052,John Doe52,M,PWC,Driver Only,Engineer,-79.6580157,43.8666651,-79.38218056,43.64316667,2,5,5,N/A,9999,AM 680,AM 1690,FM 99.1,FM 97.3,FM 97.3,3,1,2
RT053,John Doe53,M,PWC,Both,Policy Advisor ,-79.4702235,43.7297871,-79.38218056,43.64316667,2,3,5,N/A,9999,FM 103.9,FM 107.1,FM 91.9,FM 91.9,FM 95.9,1,2,3
RT054,John Doe54,F,PWC,Both,Engineer,-79.6136459,43.7948813,-79.38218056,43.64316667,5,2,3,N/A,9999,FM 107.1,AM 740,FM 98.7,FM 99.1,FM 99.9,2,1,3
RT055,John Doe55,F,PWC,Both,Policy Advisor ,-79.5253586,43.864879,-79.38218056,43.64316667,2,4,4,N/A,9999,AM 640,AM 1690,FM 88.9,FM 107.1,FM 97.3,2,1,3
RT056,John Doe56,M,PWC,Both,Graphic Designer,-79.2741726,43.7930043,-79.38218056,43.64316667,3,4,4,N/A,9999,AM 1430,AM 1610,AM 680,FM 93.5,AM 740,3,2,1
RT057,John Doe57,F,PWC,Driver Only,IT Professional ,-79.5130722,43.7343598,-79.38218056,43.64316667,5,1,5,N/A,9999,FM 104.5,FM 92.5,AM 1050,FM 104.5,FM 98.1,1,3,2
RT058,John Doe58,M,PWC,Both,Engineer,-79.3977277,43.7148209,-79.38218056,43.64316667,5,3,3,N/A,9999,AM 1690,FM 88.9,AM 590,FM 99.9,FM 107.1,2,3,1
RT059,John Doe59,F,PWC,Both,Engineer,-79.7181811,43.7305156,-79.38218056,43.64316667,4,5,3,N/A,9999,FM 100.7,AM 1050,AM 860,FM 93.5,FM 99.1,3,2,1
RT060,John Doe60,F,PWC,Both,Accountant ,-79.5027576,43.7323578,-79.38218056,43.64316667,5,5,1,N/A,9999,AM 1010,FM 105.1,FM 98.7,AM 1430,FM 101.3,1,2,3
RT061,John Doe61,M,PWC,Passenger Only,Architect,-79.2523264,43.7480148,-79.38218056,43.64316667,2,4,2,N/A,9999,AM 740,FM 94.1,AM 590,FM 95.9,FM 89.5,2,3,1
RT062,John Doe62,F,PWC,Both,Accountant ,-79.4019358,43.742522,-79.38218056,43.64316667,5,3,4,N/A,9999,FM 105.1,FM 105.1,FM 99.9,FM 107.1,FM 89.5,3,2,1
RT063,John Doe63,M,PWC,Both,Accountant ,-79.2681048,43.77114,-79.38218056,43.64316667,2,2,1,N/A,9999,AM 860,FM 96.3,FM 98.7,FM 92.5,FM 103.9,3,1,2
RT064,John Doe64,F,PWC,Passenger Only,Graphic Designer,-79.6736635,43.8157673,-79.38218056,43.64316667,4,3,1,N/A,9999,AM 740,FM 105.5,FM 99.9,AM 590,AM 590,1,3,2
RT065,John Doe65,M,PWC,Both,Developer ,-79.3705828,43.7626119,-79.38218056,43.64316667,2,4,3,N/A,9999,FM 100.7,AM 590,FM 100.7,FM 95.9,AM 1050,1,3,2
RT066,John Doe66,F,PWC,Driver Only,Developer ,-79.699313,43.8110443,-79.38218056,43.64316667,4,5,1,N/A,9999,FM 94.1,AM 1690,AM 640,FM 90.3,FM 96.3,1,2,3
RT067,John Doe67,M,PWC,Both,HR Specialist,-79.508609,43.7291952,-79.38218056,43.64316667,5,3,1,N/A,9999,FM 93.5,AM 1050,FM 92.5,FM 95.9,FM 95.9,2,1,3
RT068,John Doe68,F,PWC,Both,Graphic Designer,-79.5172763,43.8121342,-79.38218056,43.64316667,3,1,2,N/A,9999,FM 92.5,AM 1430,FM 95.9,AM 1010,AM 640,2,3,1
RT069,John Doe69,M,PWC,Both,Developer ,-79.3228877,43.8675679,-79.38218056,43.64316667,2,5,2,N/A,9999,FM 99.9,FM 88.9,FM 103.9,FM 105.5,FM 98.1,2,1,3
RT070,John Doe70,F,PWC,Both,Engineer,-79.3818227,43.8628241,-79.38218056,43.64316667,3,5,2,N/A,9999,FM 96.3,FM 96.3,AM 1540,FM 91.1,AM 680,3,1,2
RT071,John Doe71,F,PWC,Driver Only,Engineer,-79.3500185,43.8377264,-79.38218056,43.64316667,5,5,4,N/A,9999,FM 98.7,FM 90.3,FM 96.6,FM 95.9,AM 1010,2,1,3
RT072,John Doe72,M,PWC,Both,HR Specialist,-79.3537136,43.7870061,-79.38218056,43.64316667,5,4,2,N/A,9999,FM 96.6,FM 104.5,FM 96.3,FM 104.5,FM 93.5,1,3,2
RT073,John Doe73,F,PWC,Both,Accountant ,-79.6623604,43.7949652,-79.38218056,43.64316667,1,5,4,N/A,9999,FM 107.1,FM 105.1,FM 89.5,AM 1540,FM 91.1,1,3,2
RT074,John Doe74,F,PWC,Both,Developer ,-79.467834,43.7658562,-79.38218056,43.64316667,1,3,3,N/A,9999,FM 105.5,AM 1610,FM 92.5,FM 89.5,FM 98.1,3,2,1
RT075,John Doe75,M,PWC,Both,IT Professional ,-79.6985352,43.7201527,-79.38218056,43.64316667,1,5,5,N/A,9999,FM 93.5,FM 105.1,FM 103.9,AM 640,FM 104.5,2,1,3
RT076,John Doe76,M,PWC,Passenger Only,Graphic Designer,-79.5599389,43.7286173,-79.38218056,43.64316667,4,1,5,N/A,9999,FM 97.3,AM 1430,FM 94.1,AM 1690,FM 105.5,1,3,2
RT077,John Doe77,F,PWC,Both,HR Specialist,-79.339992,43.8390682,-79.38218056,43.64316667,2,2,5,N/A,9999,FM 93.5,AM 1610,FM 91.1,AM 1050,FM 105.5,1,3,2
RT078,John Doe78,M,PWC,Both,Architect,-79.3687558,43.8587787,-79.38218056,43.64316667,5,2,1,N/A,9999,FM 96.3,FM 94.1,FM 95.9,FM 95.9,FM 91.1,1,3,2
RT079,John Doe79,F,PWC,Both,Engineer,-79.5299098,43.8529123,-79.38218056,43.64316667,3,1,3,N/A,9999,FM 90.3,AM 590,FM 105.1,AM 1430,FM 98.7,1,3,2
RT080,John Doe80,F,PWC,Driver Only,Accountant ,-79.2412976,43.7566972,-79.38218056,43.64316667,3,5,1,N/A,9999,FM 105.1,FM 99.9,AM 640,AM 860,FM 107.1,1,2,3
RT081,John Doe81,M,PWC,Passenger Only,Engineer,-79.3210243,43.8534857,-79.38218056,43.64316667,5,3,1,N/A,9999,FM 105.5,FM 88.1,FM 89.5,AM 1430,AM 860,1,2,3
RT082,John Doe82,F,PWC,Passenger Only,Graphic Designer,-79.6615929,43.8195065,-79.38218056,43.64316667,5,2,1,N/A,9999,FM 88.9,AM 680,AM 1430,AM 1050,FM 101.3,2,3,1
RT083,John Doe83,F,PWC,Passenger Only,Graphic Designer,-79.4032534,43.7331137,-79.38218056,43.64316667,4,4,1,N/A,9999,FM 91.1,AM 640,AM 680,FM 95.9,FM 99.9,2,1,3
RT084,John Doe84,F,PWC,Driver Only,Developer ,-79.6416915,43.8617484,-79.38218056,43.64316667,1,3,4,N/A,9999,AM 1430,FM 91.1,FM 94.1,FM 91.1,AM 640,1,3,2
RT085,John Doe85,M,PWC,Driver Only,Engineer,-79.3246561,43.76609,-79.38218056,43.64316667,4,5,1,N/A,9999,AM 680,FM 88.1,FM 95.9,AM 740,FM 100.7,1,2,3
RT086,John Doe86,M,PWC,Both,HR Specialist,-79.6997209,43.834961,-79.38218056,43.64316667,2,5,5,N/A,9999,FM 103.9,FM 90.3,AM 860,FM 99.1,AM 590,1,2,3
RT087,John Doe87,F,PWC,Driver Only,IT Professional ,-79.5287068,43.8531118,-79.38218056,43.64316667,1,2,5,N/A,9999,FM 93.5,AM 1540,FM 105.5,FM 99.1,FM 91.1,1,2,3
RT088,John Doe88,F,PWC,Both,IT Professional ,-79.3918684,43.7171206,-79.38218056,43.64316667,2,4,4,N/A,9999,FM 93.5,FM 98.7,FM 92.5,FM 101.3,FM 100.7,3,1,2
RT089,John Doe89,M,PWC,Passenger Only,Policy Advisor ,-79.7014918,43.7361578,-79.38218056,43.64316667,2,4,5,N/A,9999,AM 1010,FM 101.3,FM 98.1,AM 680,FM 89.5,1,2,3
RT090,John Doe90,F,PWC,Driver Only,HR Specialist,-79.5598659,43.834615,-79.38218056,43.64316667,2,4,5,N/A,9999,FM 97.3,FM 92.5,FM 99.1,FM 100.7,FM 105.5,1,2,3
RT091,John Doe91,M,PWC,Driver Only,HR Specialist,-79.2892124,43.7362356,-79.38218056,43.64316667,3,5,3,N/A,9999,AM 1610,AM 640,FM 98.1,AM 1010,FM 88.9,1,2,3
RT092,John Doe92,M,PWC,Driver Only,Engineer,-79.5900078,43.8180779,-79.38218056,43.64316667,2,4,5,N/A,9999,FM 89.5,FM 103.9,AM 740,FM 105.5,FM 103.9,2,3,1
RT093,John Doe93,F,PWC,Passenger Only,Architect,-79.5362531,43.8677958,-79.38218056,43.64316667,4,3,5,N/A,9999,FM 90.3,AM 740,FM 104.5,FM 93.5,FM 101.3,3,1,2
RT094,John Doe94,M,PWC,Driver Only,HR Specialist,-79.4401091,43.7238661,-79.38218056,43.64316667,5,3,4,N/A,9999,FM 101.3,FM 88.1,FM 92.5,AM 1050,FM 105.5,2,1,3
RT095,John Doe95,M,PWC,Both,Graphic Designer,-79.6015751,43.741805,-79.38218056,43.64316667,5,4,2,N/A,9999,AM 680,AM 1540,AM 860,FM 88.9,FM 91.9,3,1,2
RT096,John Doe96,M,PWC,Passenger Only,IT Professional ,-79.5336227,43.8018412,-79.38218056,43.64316667,5,3,3,N/A,9999,AM 1050,FM 94.1,AM 1430,FM 91.9,FM 97.3,3,2,1
RT097,John Doe97,M,PWC,Both,Policy Advisor ,-79.5746327,43.786089,-79.38218056,43.64316667,3,2,3,N/A,9999,FM 91.1,FM 105.5,AM 1010,FM 88.1,FM 103.9,2,3,1
RT098,John Doe98,F,PWC,Driver Only,Developer ,-79.5329417,43.7580629,-79.38218056,43.64316667,2,2,1,N/A,9999,FM 100.7,FM 101.3,AM 680,FM 99.1,FM 95.9,1,2,3
RT099,John Doe99,M,PWC,Driver Only,Engineer,-79.3334311,43.8043749,-79.38218056,43.64316667,2,4,2,N/A,9999,FM 92.5,AM 1610,FM 99.9,AM 1690,FM 91.1,2,1,3
RT100,John Doe100,F,PWC,Both,Policy Advisor ,-79.6184113,43.8702332,-79.38218056,43.64316667,4,2,3,N/A,9999,FM 96.6,FM 96.3,AM 1010,FM 99.1,FM 105.1,3,2,1
RT101,John Doe101,F,PWC,Both,Architect,-79.3087351,43.7946724,-79.38218056,43.64316667,2,5,3,N/A,9999,FM 93.5,AM 640,AM 1690,AM 1010,FM 107.1,3,2,1
RT102,John Doe102,M,PWC,Both,Policy Advisor ,-79.5940255,43.810459,-79.38218056,43.64316667,1,5,2,N/A,9999,FM 88.9,AM 860,AM 1610,FM 97.3,FM 92.5,3,1,2
RT103,John Doe103,F,PWC,Both,Developer ,-79.4885794,43.8663752,-79.38218056,43.64316667,5,2,4,N/A,9999,AM 1430,FM 96.6,FM 96.6,AM 1690,FM 105.5,2,3,1
RT104,John Doe104,M,PWC,Driver Only,HR Specialist,-79.5557686,43.7733706,-79.38218056,43.64316667,4,2,5,N/A,9999,AM 1430,FM 92.5,AM 860,FM 104.5,AM 1610,1,3,2
RT105,John Doe105,M,PWC,Driver Only,Policy Advisor ,-79.4680242,43.7869982,-79.38218056,43.64316667,5,2,2,N/A,9999,FM 98.1,FM 88.1,FM 89.5,FM 90.3,AM 640,2,3,1
RT106,John Doe106,F,PWC,Both,Architect,-79.2951695,43.7450473,-79.38218056,43.64316667,3,1,1,N/A,9999,FM 96.6,AM 1050,AM 640,AM 1540,AM 1010,3,1,2
RT107,John Doe107,M,PWC,Both,HR Specialist,-79.5434901,43.7827527,-79.38218056,43.64316667,2,2,5,N/A,9999,AM 1430,AM 1430,FM 104.5,AM 1050,AM 740,2,1,3
RT108,John Doe108,M,PWC,Both,Architect,-79.5932619,43.8416386,-79.38218056,43.64316667,3,5,2,N/A,9999,FM 95.9,AM 1540,AM 590,AM 1010,FM 105.5,2,3,1
RT109,John Doe109,M,PWC,Both,Engineer,-79.2511603,43.7509277,-79.38218056,43.64316667,3,5,1,N/A,9999,FM 96.3,FM 107.1,AM 1430,FM 93.5,AM 640,1,3,2
RT110,John Doe110,F,PWC,Passenger Only,Policy Advisor ,-79.5557915,43.8548051,-79.38218056,43.64316667,5,2,1,N/A,9999,AM 1690,AM 1610,FM 88.9,AM 1430,FM 91.9,1,2,3
RT111,John Doe111,F,PWC,Driver Only,Developer ,-79.3490923,43.8357584,-79.38218056,43.64316667,1,1,1,N/A,9999,FM 94.1,AM 680,AM 1050,FM 97.3,FM 98.1,2,3,1
RT112,John Doe112,M,PWC,Passenger Only,Architect,-79.5723516,43.8166119,-79.38218056,43.64316667,5,1,2,N/A,9999,AM 1430,FM 104.5,AM 1540,FM 105.5,FM 104.5,1,3,2
RT113,John Doe113,M,PWC,Passenger Only,Policy Advisor ,-79.2280304,43.8347385,-79.38218056,43.64316667,1,1,2,N/A,9999,FM 88.1,FM 98.1,FM 94.1,FM 93.5,FM 98.1,1,3,2
RT114,John Doe114,F,PWC,Driver Only,Engineer,-79.3771283,43.7617086,-79.38218056,43.64316667,2,5,3,N/A,9999,FM 105.5,FM 99.9,FM 107.1,FM 105.5,AM 1610,3,2,1
RT115,John Doe115,M,PWC,Driver Only,Accountant ,-79.3794686,43.7147131,-79.38218056,43.64316667,5,5,1,N/A,9999,AM 1690,FM 89.5,FM 90.3,FM 89.5,AM 1540,1,3,2
RT116,John Doe116,F,PWC,Both,Policy Advisor ,-79.6713369,43.7371347,-79.38218056,43.64316667,3,2,2,N/A,9999,FM 97.3,FM 88.1,FM 92.5,FM 98.7,FM 96.3,3,2,1
RT117,John Doe117,M,PWC,Both,Developer ,-79.3582101,43.8359032,-79.38218056,43.64316667,2,5,3,N/A,9999,FM 93.5,FM 92.5,AM 590,AM 860,AM 1010,3,1,2
RT118,John Doe118,M,PWC,Both,Graphic Designer,-79.7239996,43.7165704,-79.38218056,43.64316667,5,4,5,N/A,9999,FM 88.9,AM 640,AM 1050,FM 95.9,AM 1690,3,2,1
RT119,John Doe119,M,PWC,Both,Graphic Designer,-79.3012298,43.7683746,-79.38218056,43.64316667,5,2,2,N/A,9999,FM 89.5,FM 91.1,FM 104.5,FM 105.1,AM 1430,3,2,1
RT120,John Doe120,F,PWC,Both,IT Professional ,-79.6516831,43.8312428,-79.38218056,43.64316667,5,2,4,N/A,9999,FM 89.5,FM 105.5,AM 1010,FM 99.9,AM 1540,2,3,1
RT121,John Doe121,M,PWC,Driver Only,HR Specialist,-79.4999904,43.7696434,-79.38218056,43.64316667,2,5,1,N/A,9999,FM 100.7,FM 100.7,FM 89.5,FM 99.1,FM 92.5,1,3,2
RT122,John Doe122,M,PWC,Both,Architect,-79.6824756,43.8698524,-79.38218056,43.64316667,4,3,4,N/A,9999,FM 100.7,FM 99.9,AM 1430,FM 99.9,FM 94.1,2,1,3
RT123,John Doe123,F,PWC,Both,Graphic Designer,-79.2556184,43.8414157,-79.38218056,43.64316667,1,2,1,N/A,9999,FM 96.6,AM 590,FM 107.1,AM 590,FM 93.5,2,1,3
RT124,John Doe124,F,PWC,Passenger Only,HR Specialist,-79.5887775,43.803556,-79.38218056,43.64316667,4,1,1,N/A,9999,FM 94.1,FM 105.1,FM 88.1,FM 104.5,FM 99.1,1,3,2
RT125,John Doe125,F,PWC,Both,HR Specialist,-79.6099538,43.8039401,-79.38218056,43.64316667,5,2,1,N/A,9999,FM 88.9,FM 89.5,FM 98.1,FM 99.9,FM 94.1,2,3,1
RT126,John Doe126,M,PWC,Both,HR Specialist,-79.5603869,43.7432962,-79.38218056,43.64316667,4,3,4,N/A,9999,FM 97.3,AM 1690,FM 93.5,FM 88.1,FM 97.3,2,3,1
RT127,John Doe127,F,PWC,Passenger Only,Engineer,-79.3663046,43.8237996,-79.38218056,43.64316667,2,4,1,N/A,9999,FM 101.3,FM 91.9,AM 680,AM 860,FM 103.9,3,1,2
RT128,John Doe128,M,PWC,Both,Developer ,-79.6074616,43.8104973,-79.38218056,43.64316667,5,1,5,N/A,9999,AM 1690,FM 96.3,FM 98.7,FM 91.1,FM 90.3,3,1,2
RT129,John Doe129,F,PWC,Both,Engineer,-79.6914213,43.8555892,-79.38218056,43.64316667,2,3,3,N/A,9999,FM 93.5,FM 88.1,AM 740,FM 100.7,FM 103.9,2,3,1
RT130,John Doe130,M,PWC,Both,Developer ,-79.3516415,43.725783,-79.38218056,43.64316667,1,4,2,N/A,9999,FM 107.1,FM 105.5,FM 100.7,FM 105.5,AM 590,3,1,2
RT131,John Doe131,M,PWC,Both,Accountant ,-79.513572,43.786153,-79.38218056,43.64316667,2,3,2,N/A,9999,FM 92.5,AM 590,FM 99.1,FM 92.5,FM 98.1,2,1,3
RT132,John Doe132,M,PWC,Both,Graphic Designer,-79.3025388,43.8296148,-79.38218056,43.64316667,2,2,4,N/A,9999,FM 88.9,AM 1540,FM 94.1,AM 1010,AM 1010,3,2,1
RT133,John Doe133,M,PWC,Driver Only,Engineer,-79.3952917,43.8085577,-79.38218056,43.64316667,3,1,4,N/A,9999,FM 91.1,FM 97.3,FM 98.7,AM 640,FM 89.5,2,1,3
RT134,John Doe134,F,PWC,Both,Developer ,-79.32087,43.8463461,-79.38218056,43.64316667,3,1,1,N/A,9999,FM 98.1,FM 89.5,FM 98.7,FM 95.9,AM 590,3,2,1
RT135,John Doe135,M,PWC,Driver Only,Policy Advisor ,-79.2671174,43.8648616,-79.38218056,43.64316667,1,1,1,N/A,9999,AM 1540,FM 88.9,FM 88.9,FM 98.1,FM 98.7,3,1,2
RT136,John Doe136,M,PWC,Driver Only,Developer ,-79.4182055,43.717152,-79.38218056,43.64316667,3,2,2,N/A,9999,FM 93.5,FM 99.9,FM 94.1,AM 680,AM 860,3,1,2
RT137,John Doe137,M,PWC,Passenger Only,Accountant ,-79.635872,43.809443,-79.38218056,43.64316667,1,4,4,N/A,9999,AM 680,FM 89.5,FM 105.5,FM 99.9,FM 96.3,2,3,1
RT138,John Doe138,F,PWC,Passenger Only,IT Professional ,-79.5950846,43.7533116,-79.38218056,43.64316667,5,1,4,N/A,9999,AM 640,FM 98.1,AM 1690,AM 640,FM 101.3,2,3,1
RT139,John Doe139,F,PWC,Both,IT Professional ,-79.7083065,43.7705929,-79.38218056,43.64316667,5,3,2,N/A,9999,FM 96.3,AM 680,FM 96.6,FM 98.1,AM 680,2,1,3
RT140,John Doe140,M,PWC,Both,Graphic Designer,-79.2614092,43.8201177,-79.38218056,43.64316667,3,2,4,N/A,9999,FM 98.7,FM 94.1,FM 99.1,FM 88.1,FM 96.3,3,1,2
RT141,John Doe141,F,PWC,Driver Only,Accountant ,-79.6894281,43.7751752,-79.38218056,43.64316667,1,5,2,N/A,9999,FM 95.9,FM 99.1,FM 96.3,FM 105.1,FM 88.1,2,3,1
RT142,John Doe142,M,PWC,Passenger Only,Engineer,-79.6377495,43.772818,-79.38218056,43.64316667,4,5,2,N/A,9999,AM 590,FM 88.1,FM 94.1,FM 101.3,AM 1540,1,2,3
RT143,John Doe143,M,PWC,Driver Only,Architect,-79.622028,43.8488098,-79.38218056,43.64316667,5,3,3,N/A,9999,FM 88.1,AM 590,FM 96.3,FM 95.9,FM 104.5,1,3,2
RT144,John Doe144,M,PWC,Both,Architect,-79.3372315,43.794961,-79.38218056,43.64316667,1,3,4,N/A,9999,FM 97.3,FM 90.3,AM 1690,FM 96.6,AM 1540,3,1,2
RT145,John Doe145,F,PWC,Passenger Only,Architect,-79.4089923,43.8282459,-79.38218056,43.64316667,3,3,1,N/A,9999,FM 107.1,AM 680,FM 105.5,FM 93.5,FM 90.3,1,2,3
RT146,John Doe146,M,PWC,Both,Architect,-79.3626349,43.8003059,-79.38218056,43.64316667,1,3,5,N/A,9999,AM 1610,FM 98.1,FM 92.5,AM 640,FM 104.5,2,3,1
RT147,John Doe147,F,PWC,Both,Developer ,-79.7209162,43.7927505,-79.38218056,43.64316667,1,3,3,N/A,9999,FM 95.9,FM 95.9,FM 98.7,FM 104.5,AM 1690,3,1,2
RT148,John Doe148,M,PWC,Both,Accountant ,-79.6797407,43.8624931,-79.38218056,43.64316667,4,5,3,N/A,9999,FM 98.7,AM 1540,FM 91.9,FM 96.3,FM 105.1,2,1,3
RT149,John Doe149,M,PWC,Both,HR Specialist,-79.6014994,43.7255002,-79.38218056,43.64316667,1,1,4,N/A,9999,AM 1050,FM 101.3,FM 90.3,FM 98.7,AM 590,2,3,1
RT150,John Doe150,F,PWC,Driver Only,Accountant ,-79.3886138,43.8231761,-79.38218056,43.64316667,4,5,3,N/A,9999,FM 96.6,AM 1050,FM 96.3,AM 860,AM 1050,2,3,1
RT151,John Doe151,M,PWC,Passenger Only,IT Professional ,-79.511138,43.7247993,-79.38218056,43.64316667,1,3,2,N/A,9999,FM 99.1,FM 105.5,FM 89.5,FM 107.1,FM 92.5,3,1,2
RT152,John Doe152,M,PWC,Driver Only,IT Professional ,-79.3864226,43.7513633,-79.38218056,43.64316667,5,4,3,N/A,9999,FM 88.1,AM 1010,FM 96.3,FM 91.1,FM 101.3,1,2,3
RT153,John Doe153,F,PWC,Passenger Only,Architect,-79.3140367,43.8576629,-79.38218056,43.64316667,4,5,2,N/A,9999,FM 99.1,FM 97.3,AM 590,FM 104.5,FM 103.9,1,2,3
RT154,John Doe154,F,PWC,Passenger Only,IT Professional ,-79.3767553,43.7621843,-79.38218056,43.64316667,5,1,5,N/A,9999,FM 99.9,FM 105.5,AM 590,FM 107.1,FM 101.3,3,1,2
RT155,John Doe155,F,PWC,Both,Accountant ,-79.3614206,43.8637328,-79.38218056,43.64316667,3,3,1,N/A,9999,FM 91.9,FM 91.9,AM 1050,FM 99.9,FM 105.1,1,3,2
RT156,John Doe156,M,PWC,Both,Developer ,-79.545167,43.7812638,-79.38218056,43.64316667,3,4,2,N/A,9999,FM 99.9,FM 95.9,AM 590,FM 88.1,FM 88.9,3,1,2
RT157,John Doe157,F,PWC,Passenger Only,Graphic Designer,-79.3554596,43.8597866,-79.38218056,43.64316667,4,5,1,N/A,9999,FM 94.1,AM 1610,FM 105.5,AM 860,FM 90.3,3,2,1
RT158,John Doe158,M,PWC,Both,Architect,-79.3187665,43.7773677,-79.38218056,43.64316667,2,1,2,N/A,9999,FM 91.1,AM 640,FM 103.9,FM 100.7,FM 99.9,3,1,2
RT159,John Doe159,F,PWC,Both,Accountant ,-79.4516136,43.8702092,-79.38218056,43.64316667,4,2,1,N/A,9999,AM 680,FM 98.7,FM 89.5,AM 1010,FM 99.9,2,3,1
RT160,John Doe160,M,PWC,Both,Architect,-79.5408708,43.7399204,-79.38218056,43.64316667,5,2,2,N/A,9999,FM 107.1,FM 98.7,AM 640,FM 104.5,FM 88.1,1,3,2
RT161,John Doe161,M,PWC,Both,Policy Advisor ,-79.446975,43.844246,-79.38218056,43.64316667,2,5,4,N/A,9999,AM 640,FM 99.9,FM 97.3,FM 100.7,FM 104.5,1,3,2
RT162,John Doe162,M,PWC,Driver Only,Developer ,-79.3059972,43.7616305,-79.38218056,43.64316667,2,2,1,N/A,9999,FM 99.9,FM 91.9,FM 94.1,FM 99.1,FM 107.1,3,2,1
RT163,John Doe163,M,PWC,Both,Architect,-79.300582,43.8683805,-79.38218056,43.64316667,3,2,5,N/A,9999,AM 1430,FM 98.1,FM 92.5,FM 88.1,FM 98.7,3,2,1
RT164,John Doe164,F,PWC,Both,IT Professional ,-79.2788584,43.8550997,-79.38218056,43.64316667,5,5,5,N/A,9999,FM 88.1,AM 590,FM 88.1,FM 103.9,AM 680,2,1,3
RT165,John Doe165,F,PWC,Both,Graphic Designer,-79.6247853,43.739664,-79.38218056,43.64316667,4,5,1,N/A,9999,AM 740,AM 590,AM 680,FM 107.1,FM 95.9,1,2,3
RT166,John Doe166,F,PWC,Both,Graphic Designer,-79.409229,43.8403135,-79.38218056,43.64316667,5,5,4,N/A,9999,FM 89.5,FM 94.1,AM 1610,FM 88.1,AM 1050,2,3,1
RT167,John Doe167,M,PWC,Driver Only,HR Specialist,-79.4445595,43.8479798,-79.38218056,43.64316667,1,4,2,N/A,9999,AM 1050,FM 96.6,FM 88.1,FM 97.3,FM 97.3,3,1,2
RT168,John Doe168,F,PWC,Both,Policy Advisor ,-79.4890042,43.8325251,-79.38218056,43.64316667,3,2,2,N/A,9999,FM 92.5,FM 99.1,FM 91.9,FM 98.7,FM 103.9,3,2,1
RT169,John Doe169,F,PWC,Both,Policy Advisor ,-79.682429,43.739532,-79.38218056,43.64316667,5,4,2,N/A,9999,AM 1050,FM 100.7,AM 590,FM 91.1,FM 88.1,2,1,3
RT170,John Doe170,M,PWC,Driver Only,HR Specialist,-79.3201687,43.7316724,-79.38218056,43.64316667,5,5,3,N/A,9999,FM 101.3,FM 99.1,FM 97.3,AM 1430,AM 860,2,3,1
RT171,John Doe171,F,PWC,Driver Only,Policy Advisor ,-79.3301525,43.8134525,-79.38218056,43.64316667,1,4,5,N/A,9999,FM 88.9,FM 99.9,FM 88.1,FM 95.9,AM 680,1,3,2
RT172,John Doe172,M,PWC,Both,Accountant ,-79.7069213,43.7396387,-79.38218056,43.64316667,3,5,5,N/A,9999,FM 92.5,FM 101.3,AM 680,AM 1010,FM 104.5,2,1,3
RT173,John Doe173,F,PWC,Both,Accountant ,-79.5979709,43.7963248,-79.38218056,43.64316667,5,5,4,N/A,9999,FM 105.1,AM 1690,AM 640,FM 91.1,FM 105.5,1,2,3
RT174,John Doe174,M,PWC,Both,Policy Advisor ,-79.2756434,43.8599214,-79.38218056,43.64316667,4,1,1,N/A,9999,AM 1010,FM 93.5,AM 590,AM 640,FM 96.6,3,2,1
RT175,John Doe175,F,PWC,Driver Only,Engineer,-79.4773335,43.734651,-79.38218056,43.64316667,2,3,3,N/A,9999,FM 90.3,FM 105.5,FM 95.9,FM 92.5,AM 1010,2,3,1
RT176,John Doe176,F,PWC,Driver Only,Graphic Designer,-79.6435896,43.7147718,-79.38218056,43.64316667,1,3,5,N/A,9999,AM 1690,FM 95.9,AM 1610,AM 1610,FM 95.9,1,2,3
RT177,John Doe177,M,PWC,Passenger Only,Developer ,-79.6430593,43.7723805,-79.38218056,43.64316667,3,2,1,N/A,9999,FM 98.7,FM 98.7,AM 1430,AM 680,FM 107.1,3,2,1
RT178,John Doe178,F,PWC,Both,Policy Advisor ,-79.6550543,43.8122405,-79.38218056,43.64316667,3,1,4,N/A,9999,AM 680,FM 91.9,FM 99.9,FM 99.9,AM 1050,1,3,2
RT179,John Doe179,M,PWC,Both,HR Specialist,-79.4339421,43.7849587,-79.38218056,43.64316667,2,4,3,N/A,9999,FM 105.5,AM 680,FM 90.3,FM 93.5,FM 105.1,2,3,1
RT180,John Doe180,F,PWC,Driver Only,Architect,-79.4381201,43.7358237,-79.38218056,43.64316667,4,1,1,N/A,9999,AM 1540,FM 101.3,FM 100.7,AM 1430,FM 91.9,3,1,2
RT181,John Doe181,M,PWC,Both,IT Professional ,-79.5452775,43.8405736,-79.38218056,43.64316667,2,5,2,N/A,9999,AM 640,AM 1690,FM 105.1,FM 107.1,AM 860,3,2,1
RT182,John Doe182,M,PWC,Both,Accountant ,-79.2684301,43.8091208,-79.38218056,43.64316667,3,2,5,N/A,9999,AM 640,FM 98.1,AM 860,FM 96.6,FM 93.5,2,3,1
RT183,John Doe183,M,PWC,Passenger Only,Graphic Designer,-79.7172302,43.821818,-79.38218056,43.64316667,1,2,5,N/A,9999,FM 92.5,FM 105.1,FM 105.5,FM 95.9,FM 105.1,3,1,2
RT184,John Doe184,M,PWC,Passenger Only,Policy Advisor ,-79.5430099,43.850406,-79.38218056,43.64316667,1,2,4,N/A,9999,FM 91.9,FM 91.9,FM 105.5,AM 1610,FM 91.1,2,1,3
RT185,John Doe185,M,PWC,Driver Only,Engineer,-79.4889787,43.829897,-79.38218056,43.64316667,4,2,2,N/A,9999,FM 93.5,FM 88.1,AM 1540,AM 1690,FM 94.1,2,3,1
RT186,John Doe186,F,PWC,Both,Policy Advisor ,-79.2441584,43.7831441,-79.38218056,43.64316667,3,5,1,N/A,9999,FM 88.9,FM 105.1,FM 96.3,FM 88.9,FM 93.5,1,2,3
RT187,John Doe187,F,PWC,Passenger Only,HR Specialist,-79.2415089,43.7220353,-79.38218056,43.64316667,5,2,1,N/A,9999,AM 1690,AM 1610,FM 99.1,FM 92.5,FM 100.7,1,3,2
RT188,John Doe188,M,PWC,Both,IT Professional ,-79.4416172,43.7563399,-79.38218056,43.64316667,3,3,3,N/A,9999,FM 93.5,AM 1430,FM 103.9,FM 98.1,FM 94.1,3,2,1
RT189,John Doe189,M,PWC,Both,Developer ,-79.3584277,43.8344222,-79.38218056,43.64316667,1,1,3,N/A,9999,FM 91.1,FM 107.1,FM 92.5,AM 860,FM 94.1,3,2,1
RT190,John Doe190,F,PWC,Both,IT Professional ,-79.3082268,43.8167696,-79.38218056,43.64316667,5,3,3,N/A,9999,FM 91.9,FM 101.3,FM 95.9,FM 99.1,FM 96.6,1,3,2
RT191,John Doe191,M,PWC,Both,IT Professional ,-79.4377508,43.7895421,-79.38218056,43.64316667,4,3,5,N/A,9999,FM 88.1,FM 97.3,FM 105.1,FM 99.1,FM 105.5,2,3,1
RT192,John Doe192,F,PWC,Passenger Only,Engineer,-79.6788747,43.7176294,-79.38218056,43.64316667,4,3,3,N/A,9999,FM 91.9,FM 101.3,AM 1430,FM 100.7,FM 88.1,2,1,3
RT193,John Doe193,M,PWC,Passenger Only,Graphic Designer,-79.3966603,43.8685288,-79.38218056,43.64316667,5,2,3,N/A,9999,FM 100.7,FM 91.9,AM 1010,FM 101.3,FM 101.3,1,3,2
RT194,John Doe194,F,PWC,Passenger Only,HR Specialist,-79.2970087,43.7561551,-79.38218056,43.64316667,4,1,4,N/A,9999,FM 103.9,FM 89.5,AM 1540,AM 740,AM 1690,2,3,1
RT195,John Doe195,M,PWC,Both,Graphic Designer,-79.4946179,43.7767908,-79.38218056,43.64316667,4,5,1,N/A,9999,FM 101.3,AM 680,AM 640,FM 95.9,FM 100.7,1,3,2
RT196,John Doe196,M,PWC,Passenger Only,Policy Advisor ,-79.7197612,43.8688136,-79.38218056,43.64316667,5,1,4,N/A,9999,FM 103.9,FM 105.1,FM 89.5,FM 94.1,FM 105.5,3,2,1
RT197,John Doe197,M,PWC,Both,Engineer,-79.7200522,43.8448575,-79.38218056,43.64316667,3,2,2,N/A,9999,FM 89.5,FM 100.7,FM 90.3,FM 97.3,FM 98.7,3,2,1
RT198,John Doe198,M,PWC,Both,Policy Advisor ,-79.3839187,43.7149603,-79.38218056,43.64316667,4,4,5,N/A,9999,FM 93.5,FM 97.3,FM 107.1,FM 100.7,FM 94.1,1,3,2
RT199,John Doe199,M,PWC,Both,Graphic Designer,-79.3372399,43.7671735,-79.38218056,43.64316667,4,1,4,N/A,9999,FM 100.7,FM 105.1,FM 98.1,AM 1540,AM 1010,3,2,1
RT200,John Doe200,F,PWC,Both,IT Professional ,-79.6957182,43.7155456,-79.38218056,43.64316667,4,5,1,N/A,9999,FM 104.5,FM 96.6,AM 1010,AM 860,FM 105.5,2,1,3
RT201,John Doe201,F,PWC,Both,Architect,-79.3111666,43.8452922,-79.38218056,43.64316667,2,2,1,N/A,9999,FM 90.3,FM 94.1,AM 1050,AM 1690,FM 88.1,2,1,3
RT202,John Doe202,F,PWC,Passenger Only,IT Professional ,-79.4163308,43.8310327,-79.38218056,43.64316667,1,5,4,N/A,9999,AM 1690,FM 94.1,AM 640,FM 88.1,FM 91.9,3,2,1
RT203,John Doe203,M,PWC,Both,Accountant ,-79.2370154,43.7365329,-79.38218056,43.64316667,4,2,5,N/A,9999,FM 107.1,FM 98.7,FM 96.3,FM 96.3,FM 96.6,2,3,1
RT204,John Doe204,M,PWC,Both,IT Professional ,-79.4931645,43.7892046,-79.38218056,43.64316667,4,1,3,N/A,9999,FM 88.1,FM 104.5,FM 91.1,FM 91.1,AM 590,3,2,1
RT205,John Doe205,F,PWC,Passenger Only,Architect,-79.3327233,43.7992865,-79.38218056,43.64316667,2,2,3,N/A,9999,AM 590,FM 99.1,FM 93.5,FM 90.3,FM 92.5,3,1,2
RT206,John Doe206,M,PWC,Both,Engineer,-79.3801715,43.8590809,-79.38218056,43.64316667,3,3,1,N/A,9999,FM 91.1,AM 680,FM 98.1,AM 1050,AM 640,3,2,1
RT207,John Doe207,F,PWC,Both,Architect,-79.7173584,43.751805,-79.38218056,43.64316667,1,1,4,N/A,9999,AM 1690,FM 98.1,AM 1430,FM 88.9,AM 680,3,1,2
RT208,John Doe208,F,PWC,Both,Developer ,-79.6671013,43.7326468,-79.38218056,43.64316667,1,3,1,N/A,9999,FM 90.3,FM 103.9,FM 96.3,FM 91.1,FM 107.1,3,2,1
RT209,John Doe209,M,PWC,Passenger Only,Policy Advisor ,-79.5610887,43.7695819,-79.38218056,43.64316667,4,2,5,N/A,9999,AM 1610,FM 92.5,FM 91.9,FM 98.7,AM 1010,2,3,1
RT210,John Doe210,F,PWC,Both,Policy Advisor ,-79.2330774,43.8332627,-79.38218056,43.64316667,2,3,2,N/A,9999,AM 1430,FM 93.5,AM 1050,AM 680,FM 96.6,1,3,2
RT211,John Doe211,F,PWC,Driver Only,Architect,-79.5335927,43.7349927,-79.38218056,43.64316667,1,1,1,N/A,9999,AM 1610,AM 1690,FM 99.9,AM 680,FM 88.9,3,1,2
RT212,John Doe212,F,PWC,Both,IT Professional ,-79.2329978,43.8320659,-79.38218056,43.64316667,2,4,5,N/A,9999,FM 99.1,AM 590,FM 96.6,FM 88.1,FM 105.1,2,1,3
RT213,John Doe213,M,PWC,Both,HR Specialist,-79.2355013,43.754631,-79.38218056,43.64316667,4,1,2,N/A,9999,AM 680,FM 100.7,AM 1430,AM 1540,AM 1430,3,2,1
RT214,John Doe214,M,PWC,Both,IT Professional ,-79.3561596,43.752281,-79.38218056,43.64316667,1,1,1,N/A,9999,AM 1610,FM 90.3,FM 91.9,FM 95.9,AM 1540,1,2,3
RT215,John Doe215,F,PWC,Both,IT Professional ,-79.3731633,43.801457,-79.38218056,43.64316667,1,2,2,N/A,9999,FM 92.5,FM 88.1,FM 94.1,AM 680,FM 101.3,1,2,3
RT216,John Doe216,M,PWC,Both,HR Specialist,-79.5914302,43.7183087,-79.38218056,43.64316667,4,2,3,N/A,9999,FM 90.3,AM 590,FM 99.9,AM 590,FM 107.1,1,2,3
RT217,John Doe217,M,PWC,Both,IT Professional ,-79.523676,43.8430102,-79.38218056,43.64316667,3,4,2,N/A,9999,AM 680,FM 96.3,FM 104.5,FM 107.1,FM 88.1,3,2,1
RT218,John Doe218,M,PWC,Driver Only,Policy Advisor ,-79.5342693,43.7630534,-79.38218056,43.64316667,5,5,3,N/A,9999,AM 640,FM 88.9,AM 860,AM 1430,FM 98.1,3,1,2
RT219,John Doe219,M,PWC,Both,Policy Advisor ,-79.32041,43.7610665,-79.38218056,43.64316667,1,4,4,N/A,9999,FM 105.5,AM 640,FM 107.1,FM 96.6,AM 1050,3,2,1
RT220,John Doe220,F,PWC,Both,Graphic Designer,-79.6467514,43.8433803,-79.38218056,43.64316667,5,1,2,N/A,9999,FM 95.9,AM 590,FM 96.3,AM 1050,FM 104.5,2,1,3
RT221,John Doe221,F,PWC,Passenger Only,HR Specialist,-79.3358546,43.8068262,-79.38218056,43.64316667,5,4,3,N/A,9999,AM 1430,FM 96.3,FM 88.9,AM 590,FM 91.1,3,1,2
RT222,John Doe222,F,PWC,Driver Only,Policy Advisor ,-79.2314198,43.8258874,-79.38218056,43.64316667,4,3,3,N/A,9999,FM 103.9,AM 1010,FM 107.1,FM 90.3,FM 91.1,1,3,2
RT223,John Doe223,M,PWC,Passenger Only,Accountant ,-79.6554,43.8201459,-79.38218056,43.64316667,2,1,2,N/A,9999,AM 640,FM 90.3,AM 640,AM 740,FM 96.6,3,2,1
RT224,John Doe224,F,PWC,Driver Only,Engineer,-79.3816163,43.7159405,-79.38218056,43.64316667,5,2,3,N/A,9999,AM 640,FM 95.9,FM 96.3,FM 98.7,FM 96.6,3,1,2
RT225,John Doe225,M,PWC,Passenger Only,Architect,-79.4715464,43.7524112,-79.38218056,43.64316667,1,5,3,N/A,9999,FM 97.3,FM 103.9,FM 100.7,AM 640,FM 95.9,2,3,1
RT226,John Doe226,M,PWC,Passenger Only,HR Specialist,-79.596159,43.8592609,-79.38218056,43.64316667,5,3,3,N/A,9999,AM 1050,FM 95.9,AM 860,FM 98.1,FM 91.1,1,3,2
RT227,John Doe227,M,PWC,Both,Developer ,-79.3328381,43.7252637,-79.38218056,43.64316667,3,1,1,N/A,9999,FM 101.3,AM 590,FM 99.9,AM 1540,AM 1540,3,1,2
RT228,John Doe228,F,PWC,Both,Accountant ,-79.3189576,43.7477386,-79.38218056,43.64316667,4,4,1,N/A,9999,AM 740,FM 88.1,AM 860,AM 740,FM 99.9,2,1,3
RT229,John Doe229,F,PWC,Driver Only,HR Specialist,-79.5394093,43.751564,-79.38218056,43.64316667,2,3,1,N/A,9999,FM 88.1,AM 860,FM 95.9,FM 97.3,AM 1610,2,3,1
RT230,John Doe230,F,PWC,Driver Only,Architect,-79.326827,43.8353313,-79.38218056,43.64316667,4,3,1,N/A,9999,FM 91.9,AM 680,FM 103.9,AM 1430,FM 98.7,2,3,1
RT231,John Doe231,F,PWC,Both,IT Professional ,-79.6089813,43.7412874,-79.38218056,43.64316667,1,1,2,N/A,9999,FM 104.5,AM 1010,AM 1430,FM 104.5,FM 107.1,1,3,2
RT232,John Doe232,M,PWC,Both,Accountant ,-79.5775244,43.8197358,-79.38218056,43.64316667,5,5,3,N/A,9999,FM 107.1,FM 98.1,FM 94.1,FM 100.7,FM 99.9,1,3,2
RT233,John Doe233,F,PWC,Passenger Only,Developer ,-79.30185,43.8403154,-79.38218056,43.64316667,4,4,1,N/A,9999,FM 96.3,FM 101.3,FM 88.9,FM 90.3,FM 91.9,1,3,2
RT234,John Doe234,F,PWC,Both,Engineer,-79.2327705,43.7839323,-79.38218056,43.64316667,1,1,3,N/A,9999,FM 98.1,AM 1430,AM 640,FM 105.5,AM 1690,3,2,1
RT235,John Doe235,M,PWC,Both,Policy Advisor ,-79.4213177,43.7191309,-79.38218056,43.64316667,1,3,1,N/A,9999,FM 96.3,FM 94.1,AM 590,FM 105.1,AM 1430,1,2,3
RT236,John Doe236,M,PWC,Passenger Only,HR Specialist,-79.4575255,43.8221851,-79.38218056,43.64316667,3,2,2,N/A,9999,FM 91.1,FM 99.1,FM 97.3,FM 104.5,FM 88.1,3,1,2
RT237,John Doe237,F,PWC,Both,HR Specialist,-79.4791307,43.7620599,-79.38218056,43.64316667,1,4,4,N/A,9999,FM 104.5,FM 98.7,FM 91.1,FM 99.1,AM 590,1,3,2
RT238,John Doe238,F,PWC,Passenger Only,Architect,-79.2999434,43.7260983,-79.38218056,43.64316667,3,4,1,N/A,9999,FM 98.7,FM 92.5,FM 91.1,FM 100.7,FM 89.5,1,3,2
RT239,John Doe239,M,PWC,Both,Developer ,-79.2352603,43.8401148,-79.38218056,43.64316667,1,1,3,N/A,9999,FM 99.1,FM 99.9,AM 680,FM 96.6,FM 100.7,2,1,3
RT240,John Doe240,M,PWC,Driver Only,Graphic Designer,-79.5849544,43.8184422,-79.38218056,43.64316667,1,3,5,N/A,9999,FM 93.5,FM 88.9,AM 740,FM 91.9,AM 740,1,3,2
RT241,John Doe241,F,PWC,Both,Policy Advisor ,-79.4727694,43.8669131,-79.38218056,43.64316667,2,1,5,N/A,9999,FM 97.3,FM 93.5,AM 1610,FM 100.7,FM 88.1,1,2,3
RT242,John Doe242,M,PWC,Passenger Only,Architect,-79.6868875,43.7243401,-79.38218056,43.64316667,5,2,3,N/A,9999,FM 96.6,FM 104.5,AM 1690,FM 92.5,FM 89.5,2,3,1
RT243,John Doe243,F,PWC,Passenger Only,Graphic Designer,-79.2291174,43.7872045,-79.38218056,43.64316667,2,5,5,N/A,9999,AM 740,FM 90.3,AM 1690,FM 99.1,FM 94.1,3,2,1
RT244,John Doe244,M,PWC,Both,HR Specialist,-79.5371052,43.8212045,-79.38218056,43.64316667,2,1,4,N/A,9999,AM 640,AM 1610,FM 98.1,FM 93.5,FM 104.5,3,1,2
RT245,John Doe245,M,PWC,Both,IT Professional ,-79.6023391,43.8597906,-79.38218056,43.64316667,2,4,3,N/A,9999,FM 105.1,FM 99.9,AM 860,FM 91.9,AM 740,3,1,2
RT246,John Doe246,M,PWC,Both,Accountant ,-79.3832382,43.7983031,-79.38218056,43.64316667,3,1,1,N/A,9999,AM 1540,AM 1610,FM 97.3,AM 1690,AM 1050,1,3,2
RT247,John Doe247,F,PWC,Both,Developer ,-79.5671865,43.791799,-79.38218056,43.64316667,4,5,2,N/A,9999,AM 860,AM 640,AM 1430,FM 99.1,FM 98.7,3,2,1
RT248,John Doe248,F,PWC,Driver Only,IT Professional ,-79.4076482,43.7540855,-79.38218056,43.64316667,4,4,3,N/A,9999,FM 105.5,AM 860,AM 1430,FM 93.5,FM 98.1,2,3,1
RT249,John Doe249,M,PWC,Both,Architect,-79.3477186,43.8100778,-79.38218056,43.64316667,5,4,4,N/A,9999,FM 107.1,FM 94.1,FM 103.9,AM 1540,FM 94.1,1,3,2
RT250,John Doe250,F,PWC,Driver Only,Engineer,-79.4498698,43.72373,-79.38218056,43.64316667,3,1,2,N/A,9999,FM 105.5,AM 640,AM 1010,FM 93.5,FM 105.5,2,3,1
RT251,John Doe251,M,PWC,Driver Only,HR Specialist,-79.5270161,43.7967148,-79.38218056,43.64316667,4,2,5,N/A,9999,AM 1610,FM 91.1,AM 1430,FM 99.1,FM 98.1,3,2,1
RT252,John Doe252,F,PWC,Both,Architect,-79.3896933,43.7943532,-79.38218056,43.64316667,2,3,2,N/A,9999,AM 740,AM 1050,AM 680,FM 105.5,FM 98.7,1,3,2
RT253,John Doe253,F,PWC,Both,Policy Advisor ,-79.5744709,43.7574406,-79.38218056,43.64316667,2,5,3,N/A,9999,AM 1690,FM 92.5,FM 91.9,FM 88.1,FM 103.9,3,1,2
RT254,John Doe254,F,PWC,Driver Only,Accountant ,-79.3701118,43.8507422,-79.38218056,43.64316667,5,2,2,N/A,9999,FM 99.9,FM 96.3,FM 98.1,FM 94.1,AM 1050,3,2,1
RT255,John Doe255,M,PWC,Both,Policy Advisor ,-79.3636328,43.7454002,-79.38218056,43.64316667,4,2,5,N/A,9999,FM 105.5,FM 99.9,FM 91.9,FM 98.1,FM 98.7,1,3,2
RT256,John Doe256,F,PWC,Driver Only,Engineer,-79.24146,43.7901227,-79.38218056,43.64316667,2,5,4,N/A,9999,FM 105.5,FM 89.5,FM 88.1,FM 105.5,FM 94.1,3,1,2
RT257,John Doe257,M,PWC,Driver Only,Developer ,-79.3818107,43.7465152,-79.38218056,43.64316667,5,3,2,N/A,9999,AM 1430,FM 88.1,FM 88.9,FM 96.3,FM 93.5,1,2,3
RT258,John Doe258,M,PWC,Both,Architect,-79.2605877,43.7437902,-79.38218056,43.64316667,5,2,4,N/A,9999,FM 88.9,FM 97.3,FM 91.1,FM 89.5,FM 88.1,2,1,3
RT259,John Doe259,F,PWC,Both,Developer ,-79.4801938,43.8013447,-79.38218056,43.64316667,1,5,5,N/A,9999,FM 105.1,AM 1050,AM 740,AM 740,FM 105.5,1,3,2
RT260,John Doe260,F,PWC,Driver Only,IT Professional ,-79.4636008,43.8218742,-79.38218056,43.64316667,1,5,1,N/A,9999,FM 98.7,AM 1010,AM 680,FM 99.1,FM 96.3,1,2,3
RT261,John Doe261,F,PWC,Driver Only,IT Professional ,-79.3478923,43.7583311,-79.38218056,43.64316667,1,4,5,N/A,9999,AM 640,AM 740,FM 98.7,FM 94.1,AM 1610,1,3,2
RT262,John Doe262,F,PWC,Both,Graphic Designer,-79.4007514,43.7628234,-79.38218056,43.64316667,4,4,5,N/A,9999,AM 1690,FM 91.1,FM 88.1,FM 99.9,FM 104.5,2,1,3
RT263,John Doe263,M,PWC,Driver Only,Accountant ,-79.2812461,43.8510162,-79.38218056,43.64316667,5,2,2,N/A,9999,FM 90.3,FM 90.3,AM 590,FM 88.9,FM 90.3,2,1,3
RT264,John Doe264,F,PWC,Both,Architect,-79.4951164,43.8298066,-79.38218056,43.64316667,1,5,4,N/A,9999,FM 88.9,FM 88.9,FM 88.9,FM 90.3,AM 1540,3,1,2
RT265,John Doe265,F,PWC,Both,Graphic Designer,-79.6431425,43.7781808,-79.38218056,43.64316667,5,4,3,N/A,9999,AM 640,FM 107.1,FM 89.5,FM 98.1,AM 860,3,1,2
RT266,John Doe266,F,PWC,Both,Engineer,-79.6189839,43.7794323,-79.38218056,43.64316667,3,2,1,N/A,9999,AM 1540,AM 680,FM 89.5,FM 99.1,FM 99.1,3,2,1
RT267,John Doe267,F,PWC,Driver Only,HR Specialist,-79.3825683,43.7551431,-79.38218056,43.64316667,4,1,2,N/A,9999,FM 88.1,FM 89.5,FM 98.7,AM 1610,FM 103.9,1,3,2
RT268,John Doe268,M,PWC,Both,Accountant ,-79.4821548,43.8539941,-79.38218056,43.64316667,4,4,1,N/A,9999,FM 92.5,FM 88.9,FM 91.9,FM 95.9,FM 99.9,2,3,1
RT269,John Doe269,M,PWC,Both,Engineer,-79.3976755,43.7696334,-79.38218056,43.64316667,4,5,1,N/A,9999,AM 1050,FM 96.6,AM 590,AM 680,FM 95.9,1,2,3
RT270,John Doe270,F,PWC,Both,Engineer,-79.6524765,43.8620676,-79.38218056,43.64316667,1,5,5,N/A,9999,FM 96.3,FM 98.7,AM 590,AM 1430,FM 100.7,3,2,1
RT271,John Doe271,F,PWC,Both,Developer ,-79.4502368,43.7844625,-79.38218056,43.64316667,2,4,1,N/A,9999,FM 88.9,AM 740,AM 1610,FM 93.5,AM 1010,2,1,3
RT272,John Doe272,F,PWC,Both,HR Specialist,-79.6800671,43.7492698,-79.38218056,43.64316667,3,1,4,N/A,9999,FM 96.6,AM 860,FM 101.3,AM 680,FM 99.1,1,2,3
RT273,John Doe273,M,PWC,Both,HR Specialist,-79.5997264,43.84175,-79.38218056,43.64316667,1,1,3,N/A,9999,AM 1050,FM 96.3,AM 1610,AM 640,FM 99.1,3,2,1
RT274,John Doe274,M,PWC,Both,Architect,-79.702285,43.8135335,-79.38218056,43.64316667,1,3,4,N/A,9999,FM 96.6,FM 99.9,AM 1610,FM 101.3,FM 92.5,3,1,2
RT275,John Doe275,F,PWC,Passenger Only,HR Specialist,-79.2416111,43.7649885,-79.38218056,43.64316667,3,5,3,N/A,9999,FM 97.3,AM 680,AM 640,FM 105.5,FM 91.9,2,1,3
RT276,John Doe276,F,PWC,Both,Policy Advisor ,-79.4388678,43.8383883,-79.38218056,43.64316667,1,3,4,N/A,9999,FM 96.3,AM 860,FM 98.1,FM 105.5,AM 1430,2,3,1
RT277,John Doe277,M,PWC,Both,Engineer,-79.3995074,43.8507995,-79.38218056,43.64316667,5,2,3,N/A,9999,FM 91.1,AM 590,AM 590,FM 88.1,FM 94.1,3,1,2
RT278,John Doe278,F,PWC,Both,Developer ,-79.5216362,43.7275102,-79.38218056,43.64316667,5,2,4,N/A,9999,AM 1430,AM 740,AM 1430,AM 1690,FM 90.3,3,1,2
RT279,John Doe279,M,PWC,Both,HR Specialist,-79.338028,43.7763202,-79.38218056,43.64316667,1,1,3,N/A,9999,FM 99.9,AM 680,FM 88.9,FM 103.9,AM 740,2,1,3
RT280,John Doe280,F,PWC,Driver Only,Developer ,-79.3664567,43.7999512,-79.38218056,43.64316667,5,5,1,N/A,9999,FM 100.7,AM 640,AM 1690,FM 100.7,FM 91.1,1,3,2
RT281,John Doe281,F,PWC,Driver Only,HR Specialist,-79.6812147,43.765742,-79.38218056,43.64316667,2,4,5,N/A,9999,FM 101.3,AM 740,FM 104.5,AM 740,FM 107.1,2,1,3
RT282,John Doe282,F,PWC,Both,Accountant ,-79.3429613,43.7167978,-79.38218056,43.64316667,4,1,2,N/A,9999,AM 1430,FM 99.1,FM 105.5,FM 93.5,FM 98.1,1,3,2
RT283,John Doe283,F,PWC,Passenger Only,IT Professional ,-79.6248455,43.8609632,-79.38218056,43.64316667,3,5,4,N/A,9999,FM 105.1,FM 105.1,AM 1050,FM 88.1,AM 1050,2,3,1
RT284,John Doe284,M,PWC,Driver Only,HR Specialist,-79.4569783,43.7497402,-79.38218056,43.64316667,2,4,4,N/A,9999,FM 88.1,FM 92.5,FM 105.5,AM 1610,FM 98.1,1,3,2
RT285,John Doe285,M,PWC,Driver Only,Architect,-79.397135,43.7405688,-79.38218056,43.64316667,3,2,2,N/A,9999,AM 1610,AM 860,AM 1050,FM 97.3,FM 97.3,1,2,3
RT286,John Doe286,F,PWC,Both,Accountant ,-79.2499923,43.7449037,-79.38218056,43.64316667,2,2,2,N/A,9999,FM 88.1,FM 96.3,FM 88.1,AM 640,FM 101.3,1,3,2
RT287,John Doe287,M,PWC,Both,Accountant ,-79.5406584,43.7803091,-79.38218056,43.64316667,3,3,5,N/A,9999,AM 1690,FM 96.3,FM 96.3,FM 97.3,AM 1050,3,2,1
RT288,John Doe288,M,PWC,Passenger Only,Graphic Designer,-79.7178456,43.7729347,-79.38218056,43.64316667,2,5,2,N/A,9999,FM 94.1,FM 91.1,AM 1540,FM 88.1,FM 95.9,1,3,2
RT289,John Doe289,F,PWC,Passenger Only,Policy Advisor ,-79.6850037,43.8595973,-79.38218056,43.64316667,2,2,5,N/A,9999,AM 640,FM 95.9,AM 1010,FM 100.7,FM 96.6,1,2,3
RT290,John Doe290,F,PWC,Both,HR Specialist,-79.4140884,43.7476601,-79.38218056,43.64316667,4,2,5,N/A,9999,AM 860,FM 89.5,FM 105.1,AM 1050,FM 89.5,2,3,1
RT291,John Doe291,M,PWC,Passenger Only,Policy Advisor ,-79.596687,43.7181195,-79.38218056,43.64316667,2,5,5,N/A,9999,AM 860,AM 680,AM 1430,FM 98.1,FM 96.3,1,2,3
RT292,John Doe292,F,PWC,Both,Accountant ,-79.4808652,43.7641251,-79.38218056,43.64316667,4,3,2,N/A,9999,FM 98.7,AM 1610,AM 1010,AM 1430,AM 1690,2,3,1
RT293,John Doe293,M,PWC,Both,Accountant ,-79.6196276,43.763029,-79.38218056,43.64316667,4,2,1,N/A,9999,FM 88.1,FM 91.9,FM 88.9,FM 96.3,FM 91.1,2,3,1
RT294,John Doe294,F,PWC,Driver Only,Developer ,-79.3298644,43.7840845,-79.38218056,43.64316667,2,1,1,N/A,9999,FM 95.9,FM 92.5,FM 92.5,FM 100.7,AM 740,2,3,1
RT295,John Doe295,M,PWC,Passenger Only,Architect,-79.3945179,43.8190908,-79.38218056,43.64316667,2,1,4,N/A,9999,FM 89.5,FM 107.1,FM 88.9,FM 100.7,AM 1610,3,1,2
RT296,John Doe296,M,PWC,Driver Only,Architect,-79.6523032,43.764328,-79.38218056,43.64316667,2,3,2,N/A,9999,AM 740,FM 91.9,FM 105.1,FM 104.5,FM 100.7,1,3,2
RT297,John Doe297,M,PWC,Driver Only,IT Professional ,-79.687199,43.7851275,-79.38218056,43.64316667,1,5,2,N/A,9999,FM 95.9,FM 96.6,AM 590,AM 680,FM 98.7,1,2,3
RT298,John Doe298,F,PWC,Both,IT Professional ,-79.7136833,43.7586587,-79.38218056,43.64316667,2,4,4,N/A,9999,FM 88.9,FM 107.1,FM 98.7,FM 94.1,AM 1610,1,3,2
RT299,John Doe299,F,PWC,Passenger Only,Engineer,-79.2765053,43.8241962,-79.38218056,43.64316667,4,2,2,N/A,9999,FM 94.1,AM 1010,FM 92.5,FM 99.1,AM 1050,3,2,1
RT300,John Doe300,F,PWC,Passenger Only,Architect,-79.4051126,43.766031,-79.38218056,43.64316667,3,4,5,N/A,9999,AM 1540,AM 1610,AM 590,AM 1050,FM 99.1,1,2,3
RT301,John Doe301,F,PWC,Both,Developer ,-79.251096,43.8524123,-79.38218056,43.64316667,4,4,1,N/A,9999,FM 104.5,FM 100.7,FM 97.3,AM 590,AM 680,1,2,3
RT302,John Doe302,F,PWC,Both,Architect,-79.3532965,43.7506653,-79.38218056,43.64316667,3,3,2,N/A,9999,FM 100.7,AM 1430,AM 640,FM 95.9,FM 103.9,1,2,3
RT303,John Doe303,F,PWC,Both,IT Professional ,-79.3864639,43.7217105,-79.38218056,43.64316667,3,2,2,N/A,9999,FM 99.1,AM 1430,FM 96.3,FM 98.1,AM 1430,3,2,1
RT304,John Doe304,F,PWC,Both,Developer ,-79.5687057,43.7261419,-79.38218056,43.64316667,2,3,3,N/A,9999,FM 103.9,FM 91.1,FM 105.5,FM 104.5,FM 90.3,3,2,1
RT305,John Doe305,M,PWC,Passenger Only,Engineer,-79.6655232,43.819666,-79.38218056,43.64316667,1,1,5,N/A,9999,AM 680,AM 590,FM 97.3,AM 1050,FM 95.9,1,3,2
RT306,John Doe306,F,PWC,Both,Engineer,-79.5326821,43.8051565,-79.38218056,43.64316667,1,1,3,N/A,9999,FM 93.5,FM 88.1,FM 89.5,FM 105.5,FM 96.6,3,1,2
RT307,John Doe307,F,PWC,Both,IT Professional ,-79.3676061,43.7667758,-79.38218056,43.64316667,3,1,4,N/A,9999,FM 103.9,FM 99.1,FM 100.7,AM 1610,FM 96.3,2,1,3
RT308,John Doe308,F,PWC,Both,HR Specialist,-79.554901,43.8249321,-79.38218056,43.64316667,4,2,2,N/A,9999,FM 105.1,AM 590,FM 91.9,FM 95.9,FM 98.1,3,1,2
RT309,John Doe309,F,PWC,Driver Only,HR Specialist,-79.4754599,43.7482014,-79.38218056,43.64316667,2,4,3,N/A,9999,AM 590,FM 98.7,FM 91.9,FM 99.9,FM 100.7,2,3,1
RT310,John Doe310,F,PWC,Both,HR Specialist,-79.6243691,43.7767809,-79.38218056,43.64316667,3,4,4,N/A,9999,FM 94.1,FM 98.1,FM 105.5,FM 98.1,AM 1690,1,2,3
RT311,John Doe311,M,PWC,Both,Architect,-79.6528879,43.8020612,-79.38218056,43.64316667,2,2,3,N/A,9999,FM 88.9,FM 99.9,FM 107.1,FM 88.1,AM 1010,1,2,3
RT312,John Doe312,F,PWC,Both,HR Specialist,-79.3958635,43.7219473,-79.38218056,43.64316667,5,5,5,N/A,9999,FM 96.6,AM 1050,FM 95.9,AM 1540,FM 101.3,1,2,3
RT313,John Doe313,F,PWC,Both,Accountant ,-79.5649756,43.737315,-79.38218056,43.64316667,5,2,3,N/A,9999,FM 104.5,AM 740,AM 1430,AM 1430,FM 107.1,2,3,1
RT314,John Doe314,F,PWC,Both,Architect,-79.6471649,43.8601206,-79.38218056,43.64316667,2,4,2,N/A,9999,FM 101.3,AM 1690,FM 88.9,FM 100.7,FM 91.1,1,3,2
RT315,John Doe315,M,PWC,Both,Accountant ,-79.4059093,43.7889351,-79.38218056,43.64316667,4,3,1,N/A,9999,AM 640,FM 101.3,FM 91.9,FM 105.1,FM 96.6,1,3,2
RT316,John Doe316,F,PWC,Both,IT Professional ,-79.351233,43.7718538,-79.38218056,43.64316667,1,5,1,N/A,9999,FM 104.5,FM 98.7,FM 92.5,FM 90.3,AM 640,1,3,2
RT317,John Doe317,F,PWC,Both,Developer ,-79.2711567,43.7481809,-79.38218056,43.64316667,1,1,5,N/A,9999,AM 1430,AM 640,FM 94.1,FM 107.1,FM 88.9,2,1,3
RT318,John Doe318,F,PWC,Both,Architect,-79.5588295,43.7460214,-79.38218056,43.64316667,4,5,3,N/A,9999,FM 93.5,FM 91.9,AM 1610,FM 98.1,FM 90.3,3,1,2
RT319,John Doe319,M,PWC,Passenger Only,Accountant ,-79.2783287,43.8135004,-79.38218056,43.64316667,3,3,2,N/A,9999,AM 1690,AM 590,FM 98.1,AM 740,FM 98.1,3,2,1
RT320,John Doe320,M,PWC,Passenger Only,HR Specialist,-79.6492722,43.762193,-79.38218056,43.64316667,2,2,3,N/A,9999,AM 680,AM 740,AM 1610,FM 96.6,FM 89.5,3,2,1
RT321,John Doe321,M,PWC,Both,HR Specialist,-79.5973632,43.8423967,-79.38218056,43.64316667,5,2,2,N/A,9999,FM 101.3,FM 98.1,FM 99.1,FM 88.1,FM 98.7,1,2,3
RT322,John Doe322,M,PWC,Passenger Only,Engineer,-79.2647988,43.7364237,-79.38218056,43.64316667,1,3,1,N/A,9999,FM 103.9,FM 88.1,AM 590,AM 1050,FM 107.1,1,2,3
RT323,John Doe323,F,PWC,Driver Only,Engineer,-79.6908575,43.7548261,-79.38218056,43.64316667,3,1,5,N/A,9999,AM 1610,FM 88.1,AM 680,FM 93.5,FM 88.9,2,3,1
RT324,John Doe324,M,PWC,Passenger Only,Policy Advisor ,-79.3727852,43.8587414,-79.38218056,43.64316667,5,1,3,N/A,9999,AM 640,AM 590,AM 1010,FM 93.5,FM 96.6,2,3,1
RT325,John Doe325,M,PWC,Passenger Only,Accountant ,-79.7015503,43.8176628,-79.38218056,43.64316667,3,1,4,N/A,9999,FM 97.3,AM 1050,FM 91.9,FM 101.3,FM 91.9,3,1,2
RT326,John Doe326,M,PWC,Both,Architect,-79.5864203,43.7829348,-79.38218056,43.64316667,3,2,3,N/A,9999,FM 90.3,AM 680,FM 95.9,FM 88.1,FM 89.5,3,1,2
RT327,John Doe327,M,PWC,Both,Policy Advisor ,-79.5087742,43.7646109,-79.38218056,43.64316667,4,4,4,N/A,9999,AM 1430,FM 104.5,FM 95.9,FM 104.5,FM 98.1,2,3,1
RT328,John Doe328,M,PWC,Both,Graphic Designer,-79.3211068,43.8498898,-79.38218056,43.64316667,3,4,3,N/A,9999,AM 590,FM 98.7,FM 105.5,FM 101.3,FM 96.6,2,1,3
RT329,John Doe329,M,PWC,Passenger Only,Graphic Designer,-79.5978827,43.8276116,-79.38218056,43.64316667,5,3,4,N/A,9999,AM 740,FM 93.5,FM 90.3,FM 95.9,FM 93.5,1,3,2
RT330,John Doe330,M,PWC,Both,Engineer,-79.3908332,43.7779834,-79.38218056,43.64316667,2,2,5,N/A,9999,AM 1690,FM 96.3,FM 88.9,AM 680,FM 89.5,3,1,2
RT331,John Doe331,F,PWC,Both,HR Specialist,-79.5010922,43.7669349,-79.38218056,43.64316667,4,2,4,N/A,9999,AM 680,FM 88.1,FM 105.1,AM 740,FM 96.3,3,1,2
RT332,John Doe332,F,PWC,Both,Accountant ,-79.3789596,43.7812401,-79.38218056,43.64316667,4,3,4,N/A,9999,FM 98.1,FM 98.7,AM 1050,AM 860,AM 680,1,3,2
RT333,John Doe333,F,PWC,Both,Developer ,-79.5058674,43.8480208,-79.38218056,43.64316667,4,5,1,N/A,9999,FM 96.3,FM 96.6,FM 91.1,FM 99.1,AM 1540,2,3,1
RT334,John Doe334,M,PWC,Passenger Only,IT Professional ,-79.5853742,43.8384747,-79.38218056,43.64316667,4,4,5,N/A,9999,FM 104.5,FM 94.1,FM 94.1,FM 98.1,FM 94.1,1,3,2
RT335,John Doe335,M,PWC,Both,IT Professional ,-79.4822958,43.8455821,-79.38218056,43.64316667,4,4,2,N/A,9999,FM 90.3,FM 96.6,FM 99.1,AM 860,FM 104.5,1,2,3
RT336,John Doe336,F,PWC,Both,IT Professional ,-79.4234511,43.8567174,-79.38218056,43.64316667,1,3,3,N/A,9999,FM 98.7,FM 98.7,AM 680,FM 107.1,FM 91.9,1,2,3
RT337,John Doe337,M,PWC,Both,HR Specialist,-79.654339,43.73061,-79.38218056,43.64316667,4,3,5,N/A,9999,FM 94.1,AM 1610,FM 103.9,FM 91.1,FM 103.9,3,1,2
RT338,John Doe338,M,PWC,Passenger Only,Engineer,-79.4412465,43.772366,-79.38218056,43.64316667,1,3,5,N/A,9999,FM 96.3,FM 88.9,AM 1540,FM 100.7,FM 95.9,2,1,3
RT339,John Doe339,F,PWC,Driver Only,Engineer,-79.389256,43.814055,-79.38218056,43.64316667,2,5,1,N/A,9999,AM 1010,FM 98.1,FM 105.5,AM 590,AM 1430,3,2,1
RT340,John Doe340,M,PWC,Both,Engineer,-79.3044019,43.7997021,-79.38218056,43.64316667,2,5,2,N/A,9999,FM 97.3,AM 1540,AM 1010,FM 91.9,FM 97.3,3,2,1
RT341,John Doe341,M,PWC,Both,IT Professional ,-79.6679704,43.862489,-79.38218056,43.64316667,5,3,2,N/A,9999,AM 1050,FM 93.5,FM 99.9,AM 860,AM 680,3,1,2
RT342,John Doe342,F,PWC,Both,Policy Advisor ,-79.3253537,43.7739772,-79.38218056,43.64316667,1,3,5,N/A,9999,AM 1690,FM 89.5,AM 1690,AM 1690,FM 88.1,2,1,3
RT343,John Doe343,M,PWC,Passenger Only,Policy Advisor ,-79.3823093,43.7790065,-79.38218056,43.64316667,3,5,2,N/A,9999,FM 93.5,FM 91.1,FM 100.7,FM 94.1,FM 88.9,3,2,1
RT344,John Doe344,M,PWC,Passenger Only,Engineer,-79.6952383,43.7538975,-79.38218056,43.64316667,1,4,5,N/A,9999,AM 680,FM 105.5,AM 590,FM 90.3,FM 98.1,1,2,3
RT345,John Doe345,F,PWC,Passenger Only,Developer ,-79.3195703,43.749993,-79.38218056,43.64316667,4,1,4,N/A,9999,AM 1050,AM 1430,FM 105.1,FM 91.9,FM 96.6,3,1,2
RT346,John Doe346,M,PWC,Both,Engineer,-79.2588524,43.8314315,-79.38218056,43.64316667,1,4,1,N/A,9999,AM 590,FM 91.1,FM 99.1,FM 105.1,AM 860,3,1,2
RT347,John Doe347,M,PWC,Both,Architect,-79.396235,43.8552763,-79.38218056,43.64316667,2,5,1,N/A,9999,FM 95.9,FM 105.1,FM 99.9,AM 1610,FM 105.1,3,2,1
RT348,John Doe348,M,PWC,Both,Engineer,-79.2533975,43.7885334,-79.38218056,43.64316667,2,3,5,N/A,9999,FM 88.9,FM 105.1,FM 88.1,FM 90.3,AM 680,3,1,2
RT349,John Doe349,F,PWC,Both,HR Specialist,-79.6987813,43.807121,-79.38218056,43.64316667,4,1,4,N/A,9999,FM 91.9,AM 1050,AM 1690,AM 740,FM 100.7,3,1,2
RT350,John Doe350,M,PWC,Both,Policy Advisor ,-79.2687899,43.8361815,-79.38218056,43.64316667,2,4,5,N/A,9999,AM 1430,FM 90.3,FM 99.1,FM 91.1,FM 105.1,2,3,1
RT351,John Doe351,M,PWC,Passenger Only,HR Specialist,-79.5427048,43.7609914,-79.38218056,43.64316667,1,1,3,N/A,9999,AM 1610,AM 1430,AM 740,AM 740,FM 105.1,2,1,3
RT352,John Doe352,M,PWC,Passenger Only,Accountant ,-79.2665974,43.7329523,-79.38218056,43.64316667,2,1,2,N/A,9999,FM 95.9,AM 680,FM 96.3,FM 88.9,FM 105.5,1,3,2
RT353,John Doe353,F,PWC,Passenger Only,IT Professional ,-79.4755257,43.8425996,-79.38218056,43.64316667,1,2,5,N/A,9999,AM 640,AM 1430,FM 97.3,FM 88.1,FM 91.1,2,1,3
RT354,John Doe354,M,PWC,Both,Engineer,-79.427724,43.8536563,-79.38218056,43.64316667,4,2,1,N/A,9999,AM 680,AM 1430,FM 97.3,FM 99.9,FM 90.3,3,2,1
RT355,John Doe355,M,PWC,Passenger Only,Engineer,-79.3425568,43.8083945,-79.38218056,43.64316667,4,3,2,N/A,9999,AM 1540,FM 91.1,FM 98.7,AM 1690,AM 590,3,2,1
RT356,John Doe356,M,PWC,Passenger Only,Developer ,-79.2867674,43.734906,-79.38218056,43.64316667,5,2,1,N/A,9999,AM 1430,FM 90.3,FM 97.3,AM 1050,FM 88.9,2,1,3
RT357,John Doe357,M,PWC,Passenger Only,Engineer,-79.4940203,43.7960917,-79.38218056,43.64316667,2,3,2,N/A,9999,FM 89.5,FM 98.1,FM 105.5,FM 99.9,AM 680,1,3,2
RT358,John Doe358,M,PWC,Both,Architect,-79.4658831,43.785359,-79.38218056,43.64316667,3,4,5,N/A,9999,FM 99.9,FM 91.9,AM 680,FM 94.1,AM 1610,3,1,2
RT359,John Doe359,F,PWC,Both,IT Professional ,-79.6796468,43.7311543,-79.38218056,43.64316667,3,3,3,N/A,9999,FM 90.3,AM 1050,FM 104.5,AM 1050,FM 105.5,2,3,1
RT360,John Doe360,M,PWC,Both,Developer ,-79.2734136,43.8444328,-79.38218056,43.64316667,5,3,1,N/A,9999,FM 101.3,FM 93.5,FM 99.1,AM 860,FM 92.5,1,3,2
RT361,John Doe361,F,PWC,Both,Accountant ,-79.5612935,43.8229876,-79.38218056,43.64316667,4,2,2,N/A,9999,FM 88.9,AM 1690,FM 104.5,FM 105.1,FM 99.9,2,3,1
RT362,John Doe362,F,PWC,Both,Developer ,-79.339427,43.7920836,-79.38218056,43.64316667,5,4,1,N/A,9999,FM 96.3,FM 103.9,FM 97.3,AM 1430,FM 89.5,1,2,3
RT363,John Doe363,F,PWC,Both,HR Specialist,-79.4354942,43.844975,-79.38218056,43.64316667,4,1,5,N/A,9999,FM 96.6,FM 96.6,FM 99.1,FM 98.7,FM 97.3,1,2,3
RT364,John Doe364,F,PWC,Both,Policy Advisor ,-79.4385542,43.7813585,-79.38218056,43.64316667,3,3,5,N/A,9999,FM 97.3,FM 99.9,FM 91.9,FM 100.7,AM 1540,2,1,3
RT365,John Doe365,M,PWC,Both,Engineer,-79.5909542,43.8127643,-79.38218056,43.64316667,2,3,3,N/A,9999,FM 93.5,AM 1430,FM 94.1,AM 740,AM 1050,2,3,1
RT366,John Doe366,M,PWC,Both,IT Professional ,-79.4418421,43.7651404,-79.38218056,43.64316667,4,5,3,N/A,9999,AM 1010,FM 91.1,FM 101.3,FM 101.3,FM 100.7,3,2,1
RT367,John Doe367,M,PWC,Driver Only,Engineer,-79.5627794,43.792777,-79.38218056,43.64316667,5,3,5,N/A,9999,AM 1540,FM 96.6,AM 1690,AM 860,FM 105.5,3,2,1
RT368,John Doe368,M,PWC,Driver Only,HR Specialist,-79.3158818,43.7368913,-79.38218056,43.64316667,5,4,1,N/A,9999,FM 105.5,FM 95.9,FM 98.1,FM 105.1,FM 94.1,1,3,2
RT369,John Doe369,M,PWC,Both,Architect,-79.5581099,43.861828,-79.38218056,43.64316667,5,2,5,N/A,9999,FM 107.1,FM 99.9,FM 88.9,FM 91.1,FM 103.9,2,1,3
RT370,John Doe370,M,PWC,Both,Accountant ,-79.5339175,43.8544924,-79.38218056,43.64316667,3,5,4,N/A,9999,AM 1010,FM 107.1,FM 107.1,FM 89.5,FM 105.5,2,3,1
RT371,John Doe371,F,PWC,Both,HR Specialist,-79.6329073,43.8111062,-79.38218056,43.64316667,3,4,3,N/A,9999,FM 88.9,AM 590,FM 98.7,FM 93.5,AM 1690,1,3,2
RT372,John Doe372,F,PWC,Both,IT Professional ,-79.621232,43.8585153,-79.38218056,43.64316667,3,5,2,N/A,9999,AM 1690,FM 100.7,FM 91.1,FM 105.5,FM 88.9,3,2,1
RT373,John Doe373,F,PWC,Both,Graphic Designer,-79.6849316,43.8120635,-79.38218056,43.64316667,1,1,5,N/A,9999,FM 95.9,FM 91.1,FM 98.7,FM 92.5,FM 98.7,1,3,2
RT374,John Doe374,M,PWC,Both,Accountant ,-79.2923304,43.7397663,-79.38218056,43.64316667,3,2,3,N/A,9999,FM 107.1,FM 99.9,FM 98.1,FM 99.1,AM 1010,1,3,2
RT375,John Doe375,F,PWC,Passenger Only,IT Professional ,-79.6722828,43.7290114,-79.38218056,43.64316667,2,2,4,N/A,9999,FM 99.1,AM 1540,FM 98.1,FM 88.1,FM 104.5,2,3,1
RT376,John Doe376,F,PWC,Both,Policy Advisor ,-79.6959687,43.7514492,-79.38218056,43.64316667,2,4,5,N/A,9999,AM 680,AM 860,FM 105.1,AM 680,AM 740,1,2,3
RT377,John Doe377,M,PWC,Both,HR Specialist,-79.2422871,43.7885605,-79.38218056,43.64316667,4,1,4,N/A,9999,FM 94.1,FM 98.7,AM 860,FM 88.1,FM 98.7,2,3,1
RT378,John Doe378,F,PWC,Both,IT Professional ,-79.4180679,43.7976792,-79.38218056,43.64316667,3,4,3,N/A,9999,FM 107.1,FM 105.5,FM 88.9,AM 860,AM 1540,3,2,1
RT379,John Doe379,F,PWC,Passenger Only,Accountant ,-79.6797305,43.7378486,-79.38218056,43.64316667,3,4,2,N/A,9999,AM 740,AM 1540,FM 98.1,FM 104.5,AM 590,3,1,2
RT380,John Doe380,F,PWC,Both,Engineer,-79.6605101,43.7819187,-79.38218056,43.64316667,5,3,2,N/A,9999,FM 105.1,AM 1050,AM 860,FM 97.3,FM 99.9,2,1,3
RT381,John Doe381,M,PWC,Driver Only,Accountant ,-79.2425538,43.7855637,-79.38218056,43.64316667,5,3,3,N/A,9999,FM 96.3,AM 1610,FM 103.9,AM 1540,FM 99.1,2,3,1
RT382,John Doe382,F,PWC,Both,Policy Advisor ,-79.7146424,43.8622918,-79.38218056,43.64316667,2,5,5,N/A,9999,AM 1050,AM 1050,FM 99.9,FM 105.5,FM 96.3,3,1,2
RT383,John Doe383,M,PWC,Both,Graphic Designer,-79.5384619,43.7797467,-79.38218056,43.64316667,3,2,3,N/A,9999,AM 590,FM 98.7,AM 1050,FM 94.1,FM 89.5,2,1,3
RT384,John Doe384,M,PWC,Passenger Only,IT Professional ,-79.6515816,43.8416408,-79.38218056,43.64316667,1,4,2,N/A,9999,FM 93.5,FM 95.9,FM 98.7,FM 99.1,AM 740,3,2,1
RT385,John Doe385,M,PWC,Passenger Only,Engineer,-79.2884529,43.8269899,-79.38218056,43.64316667,1,1,5,N/A,9999,FM 89.5,FM 92.5,FM 98.1,FM 95.9,FM 95.9,3,2,1
RT386,John Doe386,M,PWC,Both,Graphic Designer,-79.6720937,43.8227533,-79.38218056,43.64316667,5,1,4,N/A,9999,AM 1690,FM 88.9,FM 104.5,FM 93.5,FM 93.5,3,2,1
RT387,John Doe387,M,PWC,Both,HR Specialist,-79.6033506,43.7419635,-79.38218056,43.64316667,5,1,4,N/A,9999,FM 93.5,AM 640,AM 740,FM 105.1,FM 100.7,1,2,3
RT388,John Doe388,M,PWC,Both,IT Professional ,-79.6163968,43.8390044,-79.38218056,43.64316667,2,3,4,N/A,9999,FM 89.5,AM 1430,FM 105.5,FM 88.9,FM 89.5,3,2,1
RT389,John Doe389,F,PWC,Driver Only,IT Professional ,-79.3430693,43.8623889,-79.38218056,43.64316667,3,3,2,N/A,9999,AM 860,FM 99.1,FM 105.5,FM 97.3,FM 88.9,2,3,1
RT390,John Doe390,M,PWC,Both,Accountant ,-79.320698,43.7520558,-79.38218056,43.64316667,2,5,5,N/A,9999,FM 91.9,AM 1010,FM 100.7,AM 1690,FM 89.5,1,2,3
RT391,John Doe391,M,PWC,Both,Graphic Designer,-79.690297,43.8150443,-79.38218056,43.64316667,3,4,2,N/A,9999,FM 91.9,AM 1010,FM 90.3,FM 105.1,FM 104.5,1,2,3
RT392,John Doe392,M,PWC,Both,IT Professional ,-79.2882141,43.7632946,-79.38218056,43.64316667,1,2,2,N/A,9999,AM 640,FM 96.6,FM 95.9,AM 590,FM 104.5,1,3,2
RT393,John Doe393,F,PWC,Both,Accountant ,-79.5748516,43.7644022,-79.38218056,43.64316667,3,5,4,N/A,9999,AM 640,AM 860,FM 100.7,AM 860,AM 680,1,3,2
RT394,John Doe394,F,PWC,Both,Graphic Designer,-79.4432839,43.7265107,-79.38218056,43.64316667,5,2,4,N/A,9999,FM 94.1,FM 95.9,FM 91.9,FM 103.9,AM 1610,3,2,1
RT395,John Doe395,F,PWC,Driver Only,Developer ,-79.6402363,43.8432491,-79.38218056,43.64316667,5,2,3,N/A,9999,FM 104.5,FM 88.1,AM 1010,FM 94.1,AM 1540,1,2,3
RT396,John Doe396,M,PWC,Passenger Only,Engineer,-79.4144878,43.857111,-79.38218056,43.64316667,2,3,3,N/A,9999,AM 860,AM 1430,FM 99.1,FM 103.9,FM 101.3,1,3,2
RT397,John Doe397,M,PWC,Both,HR Specialist,-79.2989442,43.8174113,-79.38218056,43.64316667,4,3,1,N/A,9999,FM 94.1,AM 860,AM 1430,FM 90.3,FM 95.9,2,3,1
RT398,John Doe398,M,PWC,Driver Only,Engineer,-79.7074283,43.8642857,-79.38218056,43.64316667,5,1,5,N/A,9999,AM 1010,FM 99.1,FM 99.1,AM 1430,FM 93.5,2,3,1
RT399,John Doe399,M,PWC,Driver Only,Developer ,-79.419311,43.7218395,-79.38218056,43.64316667,1,4,2,N/A,9999,FM 89.5,FM 91.9,AM 1430,FM 88.9,AM 1610,3,2,1
RT400,John Doe400,F,PWC,Both,Developer ,-79.2860925,43.7467951,-79.38218056,43.64316667,5,1,1,N/A,9999,AM 1010,AM 680,FM 101.3,FM 88.9,AM 1690,2,3,1
RT401,John Doe401,M,PWC,Passenger Only,Developer ,-79.4708862,43.7383715,-79.38218056,43.64316667,3,3,5,N/A,9999,AM 1010,FM 105.1,FM 90.3,AM 640,FM 95.9,2,1,3
RT402,John Doe402,F,PWC,Driver Only,Architect,-79.3055094,43.827226,-79.38218056,43.64316667,2,1,4,N/A,9999,FM 99.1,AM 860,FM 107.1,FM 98.7,FM 101.3,3,2,1
RT403,John Doe403,M,PWC,Both,Policy Advisor ,-79.6672871,43.8500522,-79.38218056,43.64316667,5,3,2,N/A,9999,FM 95.9,AM 1430,FM 92.5,FM 105.5,FM 99.1,2,3,1
RT404,John Doe404,F,PWC,Both,Architect,-79.6602285,43.7759315,-79.38218056,43.64316667,3,4,4,N/A,9999,FM 88.1,FM 101.3,FM 97.3,AM 640,FM 104.5,3,1,2
RT405,John Doe405,F,PWC,Both,HR Specialist,-79.3996663,43.7461979,-79.38218056,43.64316667,3,1,3,N/A,9999,FM 105.5,FM 92.5,FM 101.3,AM 860,FM 94.1,3,1,2
RT406,John Doe406,M,PWC,Passenger Only,HR Specialist,-79.6143297,43.7527752,-79.38218056,43.64316667,1,4,3,N/A,9999,AM 1690,FM 88.1,FM 107.1,FM 91.9,FM 88.9,1,3,2
RT407,John Doe407,M,PWC,Both,Developer ,-79.2867378,43.7756019,-79.38218056,43.64316667,5,5,2,N/A,9999,FM 97.3,FM 98.1,FM 107.1,FM 100.7,FM 91.1,3,1,2
RT408,John Doe408,M,PWC,Driver Only,HR Specialist,-79.6364201,43.7921312,-79.38218056,43.64316667,3,5,3,N/A,9999,FM 95.9,FM 99.1,AM 1540,AM 1050,AM 680,2,3,1
RT409,John Doe409,M,PWC,Driver Only,Accountant ,-79.6013258,43.8248337,-79.38218056,43.64316667,3,3,1,N/A,9999,FM 96.3,AM 1050,FM 98.7,FM 99.1,FM 91.1,2,3,1
RT410,John Doe410,F,PWC,Both,Engineer,-79.2930763,43.8193349,-79.38218056,43.64316667,2,4,3,N/A,9999,AM 1430,FM 92.5,FM 107.1,FM 96.3,FM 105.5,1,2,3
RT411,John Doe411,M,PWC,Passenger Only,Engineer,-79.6442731,43.8403343,-79.38218056,43.64316667,5,1,4,N/A,9999,FM 99.9,AM 860,FM 98.1,AM 1690,AM 1540,3,1,2
RT412,John Doe412,M,PWC,Passenger Only,HR Specialist,-79.7053291,43.7204305,-79.38218056,43.64316667,3,5,5,N/A,9999,AM 680,FM 89.5,FM 91.1,FM 91.9,FM 99.9,3,2,1
RT413,John Doe413,F,PWC,Driver Only,Developer ,-79.4995054,43.8649168,-79.38218056,43.64316667,5,5,2,N/A,9999,FM 105.1,FM 105.5,FM 88.9,FM 101.3,FM 88.1,1,3,2
RT414,John Doe414,M,PWC,Driver Only,HR Specialist,-79.366364,43.7946902,-79.38218056,43.64316667,4,2,4,N/A,9999,FM 104.5,FM 96.6,FM 98.1,FM 103.9,FM 105.5,3,2,1
RT415,John Doe415,M,PWC,Passenger Only,Developer ,-79.3324281,43.8518246,-79.38218056,43.64316667,3,1,5,N/A,9999,AM 740,FM 98.1,FM 96.3,FM 99.1,FM 99.9,1,2,3
RT416,John Doe416,M,PWC,Both,HR Specialist,-79.4958048,43.8031118,-79.38218056,43.64316667,1,5,3,N/A,9999,FM 99.1,AM 1610,FM 96.3,FM 92.5,AM 1430,1,3,2
RT417,John Doe417,M,PWC,Passenger Only,Engineer,-79.6190274,43.7207148,-79.38218056,43.64316667,3,1,4,N/A,9999,FM 105.5,AM 590,AM 590,AM 860,FM 91.1,2,3,1
RT418,John Doe418,F,PWC,Both,Graphic Designer,-79.5379658,43.7679906,-79.38218056,43.64316667,5,5,5,N/A,9999,FM 93.5,FM 91.9,AM 640,AM 1610,FM 98.7,1,3,2
RT419,John Doe419,F,PWC,Both,Graphic Designer,-79.5870539,43.7766933,-79.38218056,43.64316667,3,1,3,N/A,9999,FM 99.9,FM 95.9,AM 1430,AM 1430,FM 96.3,3,1,2
RT420,John Doe420,F,PWC,Driver Only,Accountant ,-79.4103202,43.7930064,-79.38218056,43.64316667,1,2,4,N/A,9999,FM 105.5,FM 101.3,AM 740,AM 680,FM 100.7,3,1,2
RT421,John Doe421,F,PWC,Driver Only,Architect,-79.5629714,43.8343494,-79.38218056,43.64316667,2,1,1,N/A,9999,AM 1010,AM 1050,FM 95.9,FM 89.5,FM 104.5,2,3,1
RT422,John Doe422,M,PWC,Both,Graphic Designer,-79.2589501,43.761185,-79.38218056,43.64316667,2,5,5,N/A,9999,FM 97.3,AM 1010,FM 90.3,FM 100.7,AM 640,1,3,2
RT423,John Doe423,F,PWC,Both,Policy Advisor ,-79.4669788,43.7870222,-79.38218056,43.64316667,3,1,3,N/A,9999,FM 95.9,FM 98.1,AM 1610,FM 91.1,AM 1610,2,3,1
RT424,John Doe424,F,PWC,Driver Only,Architect,-79.5488112,43.8174742,-79.38218056,43.64316667,5,5,4,N/A,9999,FM 99.1,FM 93.5,AM 640,AM 640,AM 1050,2,3,1
RT425,John Doe425,F,PWC,Passenger Only,Accountant ,-79.2537157,43.736363,-79.38218056,43.64316667,4,5,3,N/A,9999,FM 92.5,FM 91.9,AM 1540,AM 590,FM 104.5,1,2,3
RT426,John Doe426,F,PWC,Driver Only,Architect,-79.7125185,43.8675617,-79.38218056,43.64316667,3,2,2,N/A,9999,AM 1430,FM 101.3,FM 104.5,AM 860,FM 90.3,1,3,2
RT427,John Doe427,F,PWC,Driver Only,Engineer,-79.2888383,43.8626823,-79.38218056,43.64316667,3,3,1,N/A,9999,FM 92.5,FM 104.5,FM 88.9,FM 88.9,FM 96.6,3,2,1
RT428,John Doe428,F,PWC,Both,Accountant ,-79.6592645,43.7959406,-79.38218056,43.64316667,1,4,1,N/A,9999,FM 99.9,FM 96.3,FM 91.1,AM 1430,FM 94.1,2,1,3
RT429,John Doe429,F,PWC,Both,Developer ,-79.2279599,43.8321236,-79.38218056,43.64316667,5,4,3,N/A,9999,AM 590,FM 101.3,FM 91.1,AM 590,FM 90.3,3,2,1
RT430,John Doe430,M,PWC,Both,Architect,-79.263335,43.8658815,-79.38218056,43.64316667,5,4,5,N/A,9999,AM 1050,AM 860,FM 96.3,AM 1610,FM 88.1,3,1,2
RT431,John Doe431,F,PWC,Both,Policy Advisor ,-79.4330478,43.7664032,-79.38218056,43.64316667,3,2,3,N/A,9999,AM 860,FM 92.5,FM 95.9,AM 680,FM 93.5,3,1,2
RT432,John Doe432,F,PWC,Both,IT Professional ,-79.5951076,43.8098895,-79.38218056,43.64316667,5,2,1,N/A,9999,FM 89.5,FM 93.5,FM 100.7,FM 98.1,AM 680,1,3,2
RT433,John Doe433,F,PWC,Both,Accountant ,-79.5371247,43.7660806,-79.38218056,43.64316667,5,5,5,N/A,9999,AM 740,FM 91.9,AM 1540,FM 92.5,FM 95.9,1,3,2
RT434,John Doe434,M,PWC,Both,Policy Advisor ,-79.3331358,43.7856147,-79.38218056,43.64316667,2,1,3,N/A,9999,FM 91.1,FM 91.1,AM 1010,FM 101.3,AM 640,1,3,2
RT435,John Doe435,F,PWC,Driver Only,Graphic Designer,-79.3487998,43.8205249,-79.38218056,43.64316667,5,1,4,N/A,9999,FM 88.9,FM 98.7,AM 1610,FM 101.3,FM 105.1,2,3,1
RT436,John Doe436,F,PWC,Both,Engineer,-79.6864034,43.7374565,-79.38218056,43.64316667,5,3,3,N/A,9999,FM 90.3,FM 92.5,FM 91.9,AM 590,FM 97.3,1,2,3
RT437,John Doe437,F,PWC,Passenger Only,Accountant ,-79.2777482,43.7976885,-79.38218056,43.64316667,1,1,2,N/A,9999,FM 96.3,AM 680,AM 740,AM 860,FM 92.5,3,2,1
RT438,John Doe438,F,PWC,Driver Only,Architect,-79.2914829,43.8485619,-79.38218056,43.64316667,3,5,1,N/A,9999,FM 88.9,FM 104.5,FM 91.1,FM 100.7,FM 96.6,1,2,3
RT439,John Doe439,M,PWC,Passenger Only,Accountant ,-79.2772051,43.8699093,-79.38218056,43.64316667,2,3,2,N/A,9999,FM 104.5,FM 94.1,FM 99.9,AM 640,AM 860,1,3,2
RT440,John Doe440,F,PWC,Both,Graphic Designer,-79.5846814,43.7338894,-79.38218056,43.64316667,5,5,3,N/A,9999,FM 98.7,FM 95.9,AM 740,AM 860,FM 89.5,1,3,2
RT441,John Doe441,M,PWC,Passenger Only,Policy Advisor ,-79.2276388,43.836152,-79.38218056,43.64316667,3,5,4,N/A,9999,AM 1430,FM 99.9,FM 99.9,AM 1690,FM 95.9,2,1,3
RT442,John Doe442,M,PWC,Both,HR Specialist,-79.583244,43.7463966,-79.38218056,43.64316667,2,2,2,N/A,9999,FM 89.5,AM 680,AM 1610,FM 98.1,FM 92.5,2,1,3
RT443,John Doe443,F,PWC,Both,Graphic Designer,-79.7064769,43.8203019,-79.38218056,43.64316667,1,5,3,N/A,9999,AM 590,FM 91.1,FM 92.5,FM 94.1,FM 92.5,3,1,2
RT444,John Doe444,M,PWC,Passenger Only,HR Specialist,-79.446994,43.7909085,-79.38218056,43.64316667,2,4,3,N/A,9999,AM 1540,FM 107.1,FM 98.7,FM 99.9,FM 91.1,2,3,1
RT445,John Doe445,M,PWC,Both,IT Professional ,-79.4317717,43.8274727,-79.38218056,43.64316667,5,3,5,N/A,9999,AM 860,FM 99.1,FM 90.3,AM 1540,FM 99.9,2,1,3
RT446,John Doe446,F,PWC,Both,Accountant ,-79.5472605,43.8406645,-79.38218056,43.64316667,4,4,4,N/A,9999,FM 89.5,FM 88.1,FM 96.6,FM 90.3,FM 99.9,3,2,1
RT447,John Doe447,M,PWC,Both,Policy Advisor ,-79.3916814,43.8580618,-79.38218056,43.64316667,5,2,2,N/A,9999,FM 105.1,FM 100.7,AM 590,FM 95.9,FM 92.5,3,2,1
RT448,John Doe448,M,PWC,Both,Policy Advisor ,-79.2342418,43.7446663,-79.38218056,43.64316667,5,4,3,N/A,9999,FM 96.6,FM 105.1,FM 95.9,FM 105.1,AM 1690,2,3,1
RT449,John Doe449,F,PWC,Driver Only,Graphic Designer,-79.4874378,43.8093371,-79.38218056,43.64316667,1,3,1,N/A,9999,FM 101.3,FM 90.3,FM 98.1,FM 88.9,FM 90.3,1,2,3
RT450,John Doe450,F,PWC,Both,IT Professional ,-79.2550017,43.8697243,-79.38218056,43.64316667,3,3,5,N/A,9999,FM 96.3,AM 1010,FM 94.1,AM 740,FM 88.9,2,1,3
RT451,John Doe451,M,PWC,Both,Developer ,-79.5943188,43.7663865,-79.38218056,43.64316667,2,3,1,N/A,9999,AM 1050,FM 88.1,FM 91.1,FM 99.1,FM 88.9,1,2,3
RT452,John Doe452,M,PWC,Passenger Only,Architect,-79.5994999,43.7703143,-79.38218056,43.64316667,2,4,5,N/A,9999,FM 98.7,FM 100.7,FM 97.3,FM 97.3,FM 104.5,1,2,3
RT453,John Doe453,F,PWC,Driver Only,Engineer,-79.4122335,43.8048881,-79.38218056,43.64316667,1,1,1,N/A,9999,AM 1430,FM 99.9,AM 640,FM 107.1,AM 590,2,1,3
RT454,John Doe454,F,PWC,Driver Only,Accountant ,-79.6983496,43.7541253,-79.38218056,43.64316667,4,4,1,N/A,9999,FM 95.9,AM 680,FM 97.3,AM 740,FM 104.5,1,2,3
RT455,John Doe455,M,PWC,Driver Only,Graphic Designer,-79.4714816,43.7594019,-79.38218056,43.64316667,2,5,5,N/A,9999,AM 590,AM 1430,AM 1610,FM 93.5,FM 98.7,2,1,3
RT456,John Doe456,F,PWC,Both,Accountant ,-79.7139003,43.7269415,-79.38218056,43.64316667,4,2,5,N/A,9999,FM 90.3,AM 860,AM 1690,FM 89.5,FM 89.5,2,3,1
RT457,John Doe457,F,PWC,Both,Graphic Designer,-79.3962869,43.8685511,-79.38218056,43.64316667,2,4,4,N/A,9999,FM 94.1,FM 107.1,FM 95.9,AM 640,AM 1690,1,3,2
RT458,John Doe458,F,PWC,Both,IT Professional ,-79.412751,43.7841968,-79.38218056,43.64316667,1,2,2,N/A,9999,AM 1050,FM 99.1,AM 1010,FM 90.3,FM 107.1,1,2,3
RT459,John Doe459,F,PWC,Both,Engineer,-79.4632321,43.8693248,-79.38218056,43.64316667,1,1,1,N/A,9999,FM 99.1,FM 98.7,AM 1690,FM 105.5,AM 1540,2,1,3
RT460,John Doe460,F,PWC,Passenger Only,Architect,-79.5901305,43.7577565,-79.38218056,43.64316667,5,1,3,N/A,9999,AM 640,FM 96.3,FM 105.1,FM 100.7,AM 1010,3,2,1
RT461,John Doe461,F,PWC,Both,Engineer,-79.3120452,43.8002312,-79.38218056,43.64316667,1,5,5,N/A,9999,FM 90.3,FM 88.9,AM 740,AM 590,AM 740,3,2,1
RT462,John Doe462,M,PWC,Both,Developer ,-79.4274099,43.7931417,-79.38218056,43.64316667,5,3,1,N/A,9999,AM 860,AM 680,FM 103.9,FM 91.1,FM 104.5,3,1,2
RT463,John Doe463,M,PWC,Driver Only,Policy Advisor ,-79.4750275,43.7245766,-79.38218056,43.64316667,4,4,1,N/A,9999,AM 1010,FM 92.5,AM 1610,FM 99.1,FM 99.9,1,3,2
RT464,John Doe464,F,PWC,Both,HR Specialist,-79.6169187,43.8570951,-79.38218056,43.64316667,4,2,5,N/A,9999,FM 92.5,FM 100.7,AM 680,FM 104.5,AM 1050,1,3,2
RT465,John Doe465,F,PWC,Driver Only,IT Professional ,-79.5362049,43.7695674,-79.38218056,43.64316667,3,4,2,N/A,9999,FM 98.7,FM 99.1,AM 1690,AM 860,FM 96.3,3,1,2
RT466,John Doe466,M,PWC,Driver Only,Policy Advisor ,-79.6822369,43.7160546,-79.38218056,43.64316667,1,3,3,N/A,9999,AM 1690,AM 1690,AM 1010,FM 101.3,AM 860,3,2,1
RT467,John Doe467,F,PWC,Driver Only,Developer ,-79.4854499,43.741809,-79.38218056,43.64316667,4,1,5,N/A,9999,FM 101.3,AM 1540,FM 96.6,FM 95.9,FM 105.1,2,3,1
RT468,John Doe468,M,PWC,Driver Only,Developer ,-79.5246739,43.7145858,-79.38218056,43.64316667,4,1,1,N/A,9999,AM 740,AM 1430,AM 1690,FM 88.9,AM 1540,3,1,2
RT469,John Doe469,M,PWC,Both,Developer ,-79.4325045,43.8105458,-79.38218056,43.64316667,5,5,1,N/A,9999,AM 640,AM 860,AM 590,AM 1610,AM 680,2,3,1
RT470,John Doe470,M,PWC,Both,Engineer,-79.6061843,43.7600639,-79.38218056,43.64316667,3,4,4,N/A,9999,FM 105.1,FM 101.3,AM 590,AM 640,AM 1540,1,2,3
RT471,John Doe471,M,PWC,Both,Developer ,-79.6042715,43.7380202,-79.38218056,43.64316667,1,1,3,N/A,9999,AM 1540,AM 860,AM 1690,FM 98.1,FM 104.5,1,3,2
RT472,John Doe472,F,PWC,Both,Accountant ,-79.6695496,43.83106,-79.38218056,43.64316667,2,1,4,N/A,9999,AM 860,AM 1610,FM 91.9,AM 1540,AM 1430,2,3,1
RT473,John Doe473,F,PWC,Both,Engineer,-79.6268816,43.8423996,-79.38218056,43.64316667,1,1,5,N/A,9999,FM 89.5,AM 1540,FM 94.1,FM 96.6,FM 88.9,3,1,2
RT474,John Doe474,F,PWC,Passenger Only,HR Specialist,-79.3296231,43.8570288,-79.38218056,43.64316667,1,3,4,N/A,9999,FM 98.1,FM 99.9,AM 1610,FM 105.5,AM 590,2,1,3
RT475,John Doe475,M,PWC,Both,HR Specialist,-79.3057621,43.7819629,-79.38218056,43.64316667,2,5,2,N/A,9999,AM 1050,FM 96.3,FM 98.7,FM 98.1,FM 91.9,3,2,1
RT476,John Doe476,F,PWC,Passenger Only,Graphic Designer,-79.3888605,43.811177,-79.38218056,43.64316667,1,1,1,N/A,9999,FM 88.1,AM 740,FM 89.5,FM 90.3,FM 88.9,3,1,2
RT477,John Doe477,F,PWC,Passenger Only,HR Specialist,-79.5980189,43.8476083,-79.38218056,43.64316667,4,2,1,N/A,9999,FM 92.5,FM 99.1,FM 96.3,FM 103.9,FM 104.5,2,1,3
RT478,John Doe478,M,PWC,Passenger Only,Accountant ,-79.3783422,43.7805108,-79.38218056,43.64316667,3,3,3,N/A,9999,AM 590,AM 680,FM 92.5,FM 105.1,FM 99.1,1,2,3
RT479,John Doe479,M,PWC,Driver Only,IT Professional ,-79.2324291,43.802602,-79.38218056,43.64316667,5,5,3,N/A,9999,AM 1430,FM 92.5,FM 98.7,FM 91.1,AM 640,1,3,2
RT480,John Doe480,F,PWC,Both,HR Specialist,-79.2673283,43.8471929,-79.38218056,43.64316667,3,2,4,N/A,9999,AM 740,FM 98.7,FM 105.5,FM 103.9,AM 1430,2,1,3
RT481,John Doe481,F,PWC,Passenger Only,Architect,-79.3966576,43.8542429,-79.38218056,43.64316667,2,1,2,N/A,9999,AM 590,FM 105.5,FM 98.7,FM 99.9,FM 88.9,1,3,2
RT482,John Doe482,M,PWC,Driver Only,Architect,-79.7013877,43.8491076,-79.38218056,43.64316667,1,1,1,N/A,9999,FM 88.9,AM 640,FM 88.9,FM 105.5,FM 90.3,3,1,2
RT483,John Doe483,M,PWC,Passenger Only,Graphic Designer,-79.4763908,43.732522,-79.38218056,43.64316667,5,1,4,N/A,9999,FM 99.9,FM 99.1,FM 107.1,FM 96.3,AM 590,3,2,1
RT484,John Doe484,M,PWC,Both,HR Specialist,-79.3430634,43.8643703,-79.38218056,43.64316667,2,4,4,N/A,9999,AM 740,AM 1050,FM 94.1,FM 98.7,AM 860,2,3,1
RT485,John Doe485,M,PWC,Driver Only,Policy Advisor ,-79.4425105,43.813503,-79.38218056,43.64316667,4,2,1,N/A,9999,AM 640,AM 860,FM 91.1,FM 97.3,FM 93.5,1,2,3
RT486,John Doe486,M,PWC,Both,IT Professional ,-79.2606451,43.7382688,-79.38218056,43.64316667,5,3,2,N/A,9999,AM 590,AM 590,FM 97.3,AM 1610,FM 103.9,3,2,1
RT487,John Doe487,M,PWC,Driver Only,Accountant ,-79.6447902,43.8543851,-79.38218056,43.64316667,3,5,1,N/A,9999,FM 100.7,AM 740,FM 94.1,FM 89.5,FM 105.1,3,2,1
RT488,John Doe488,M,PWC,Passenger Only,Developer ,-79.3377659,43.8041675,-79.38218056,43.64316667,4,3,3,N/A,9999,FM 103.9,AM 1050,AM 680,AM 860,FM 100.7,1,3,2
RT489,John Doe489,M,PWC,Both,Policy Advisor ,-79.2389889,43.7768561,-79.38218056,43.64316667,2,4,1,N/A,9999,AM 1430,FM 103.9,FM 91.9,AM 1050,AM 1610,1,3,2
RT490,John Doe490,F,PWC,Both,Architect,-79.403958,43.7260994,-79.38218056,43.64316667,4,3,1,N/A,9999,AM 1430,AM 1610,FM 88.1,FM 99.1,FM 98.1,1,3,2
RT491,John Doe491,F,PWC,Both,Engineer,-79.3237155,43.8515264,-79.38218056,43.64316667,3,3,4,N/A,9999,FM 105.5,AM 1010,FM 105.5,FM 97.3,AM 680,3,1,2
RT492,John Doe492,F,PWC,Driver Only,HR Specialist,-79.3911575,43.7855915,-79.38218056,43.64316667,5,5,2,N/A,9999,FM 97.3,FM 105.1,FM 96.6,FM 101.3,FM 105.1,3,1,2
RT493,John Doe493,F,PWC,Both,Graphic Designer,-79.3606919,43.8124678,-79.38218056,43.64316667,1,4,2,N/A,9999,FM 88.9,AM 1010,FM 99.9,FM 100.7,AM 1050,1,3,2
RT494,John Doe494,F,PWC,Both,Graphic Designer,-79.2898338,43.8268106,-79.38218056,43.64316667,4,3,1,N/A,9999,AM 590,AM 740,AM 1050,FM 98.7,FM 91.1,2,1,3
RT495,John Doe495,M,PWC,Both,Architect,-79.5941821,43.8562954,-79.38218056,43.64316667,1,3,3,N/A,9999,AM 640,FM 92.5,FM 107.1,FM 101.3,AM 590,1,3,2
RT496,John Doe496,M,PWC,Driver Only,Accountant ,-79.4351186,43.7841967,-79.38218056,43.64316667,3,1,1,N/A,9999,AM 1430,FM 88.1,FM 100.7,FM 96.6,FM 94.1,2,3,1
RT497,John Doe497,M,PWC,Both,Accountant ,-79.5073417,43.7202956,-79.38218056,43.64316667,3,2,5,N/A,9999,AM 680,AM 860,FM 96.6,FM 88.9,AM 640,3,1,2
RT498,John Doe498,F,PWC,Both,Graphic Designer,-79.3762685,43.8538648,-79.38218056,43.64316667,3,3,5,N/A,9999,FM 93.5,FM 98.7,AM 640,FM 88.1,FM 94.1,3,1,2
RT499,John Doe499,F,PWC,Passenger Only,Developer ,-79.2619676,43.7214516,-79.38218056,43.64316667,4,4,4,N/A,9999,FM 98.7,FM 89.5,AM 590,FM 91.1,FM 100.7,1,3,2
RT500,John Doe500,M,PWC,Both,Accountant ,-79.2456881,43.7525174,-79.38218056,43.64316667,1,4,1,N/A,9999,AM 640,AM 1540,FM 103.9,FM 104.5,FM 107.1,3,1,2
